tarih,istasyon_kodu,tank_no,anomali_etiketi,anomali_kategorisi
2026-01-01,IST_001,1,0,normal
2026-01-02,IST_001,1,0,normal
2026-01-03,IST_001,1,0,normal
2026-01-04,IST_001,1,1,sicaklik_degisimi
2026-01-05,IST_001,1,0,normal
2026-01-06,IST_001,1,1,sicaklik_degisimi
2026-01-07,IST_001,1,0,normal
2026-01-08,IST_001,1,1,sicaklik_degisimi
2026-01-09,IST_001,1,0,normal
2026-01-10,IST_001,1,0,normal
2026-01-11,IST_001,1,0,normal
2026-01-12,IST_001,1,0,normal
2026-01-13,IST_001,1,0,normal
2026-01-14,IST_001,1,0,normal
2026-01-15,IST_001,1,0,normal
2026-01-16,IST_001,1,0,normal
2026-01-17,IST_001,1,0,normal
2026-01-18,IST_001,1,1,manifold_yakit_gecisi
2026-01-19,IST_001,1,1,manifold_yakit_gecisi
2026-01-20,IST_001,1,0,normal
2026-01-21,IST_001,1,0,normal
2026-01-22,IST_001,1,0,normal
2026-01-23,IST_001,1,1,sicaklik_degisimi
2026-01-24,IST_001,1,0,normal
2026-01-25,IST_001,1,0,normal
2026-01-26,IST_001,1,0,normal
2026-01-27,IST_001,1,0,normal
2026-01-28,IST_001,1,0,normal
2026-01-29,IST_001,1,0,normal
2026-01-30,IST_001,1,1,sicaklik_degisimi
2026-01-31,IST_001,1,1,manifold_yakit_gecisi
2026-02-01,IST_001,1,0,normal
2026-02-02,IST_001,1,0,normal
2026-02-03,IST_001,1,0,normal
2026-02-04,IST_001,1,1,sicaklik_degisimi
2026-02-05,IST_001,1,0,normal
2026-02-06,IST_001,1,1,manifold_yakit_gecisi
2026-02-07,IST_001,1,0,normal
2026-02-08,IST_001,1,1,sicaklik_degisimi
2026-02-09,IST_001,1,0,normal
2026-02-10,IST_001,1,0,normal
2026-02-11,IST_001,1,1,sicaklik_degisimi
2026-02-12,IST_001,1,1,sicaklik_degisimi
2026-02-13,IST_001,1,0,normal
2026-02-14,IST_001,1,0,normal
2026-02-15,IST_001,1,1,sicaklik_degisimi
2026-02-16,IST_001,1,0,normal
2026-02-17,IST_001,1,0,normal
2026-02-18,IST_001,1,0,normal
2026-02-19,IST_001,1,0,normal
2026-02-20,IST_001,1,1,sicaklik_degisimi
2026-02-21,IST_001,1,0,normal
2026-02-22,IST_001,1,0,normal
2026-02-23,IST_001,1,1,manifold_yakit_gecisi
2026-02-24,IST_001,1,1,manifold_yakit_gecisi
2026-02-25,IST_001,1,0,normal
2026-02-26,IST_001,1,0,normal
2026-02-27,IST_001,1,0,normal
2026-02-28,IST_001,1,1,sicaklik_degisimi
2026-03-01,IST_001,1,0,normal
2026-03-02,IST_001,1,0,normal
2026-03-03,IST_001,1,0,normal
2026-03-04,IST_001,1,1,sicaklik_degisimi
2026-03-05,IST_001,1,0,normal
2026-03-06,IST_001,1,0,normal
2026-03-07,IST_001,1,0,normal
2026-03-08,IST_001,1,1,sicaklik_degisimi
2026-03-09,IST_001,1,0,normal
2026-03-10,IST_001,1,0,normal
2026-03-11,IST_001,1,0,normal
2026-03-12,IST_001,1,0,normal
2026-03-13,IST_001,1,1,manifold_yakit_gecisi
2026-03-14,IST_001,1,0,normal
2026-03-15,IST_001,1,0,normal
2026-03-16,IST_001,1,0,normal
2026-03-17,IST_001,1,0,normal
2026-03-18,IST_001,1,1,sicaklik_degisimi
2026-03-19,IST_001,1,0,normal
2026-03-20,IST_001,1,0,normal
2026-03-21,IST_001,1,1,sicaklik_degisimi
2026-03-22,IST_001,1,0,normal
2026-03-23,IST_001,1,0,normal
2026-03-24,IST_001,1,1,sicaklik_degisimi
2026-03-25,IST_001,1,0,normal
2026-03-26,IST_001,1,0,normal
2026-03-27,IST_001,1,0,normal
2026-03-28,IST_001,1,0,normal
2026-03-29,IST_001,1,0,normal
2026-03-30,IST_001,1,0,normal
2026-03-31,IST_001,1,0,normal
2026-01-01,IST_001,2,0,normal
2026-01-02,IST_001,2,0,normal
2026-01-03,IST_001,2,0,normal
2026-01-04,IST_001,2,0,normal
2026-01-05,IST_001,2,0,normal
2026-01-06,IST_001,2,0,normal
2026-01-07,IST_001,2,0,normal
2026-01-08,IST_001,2,0,normal
2026-01-09,IST_001,2,0,normal
2026-01-10,IST_001,2,0,normal
2026-01-11,IST_001,2,0,normal
2026-01-12,IST_001,2,0,normal
2026-01-13,IST_001,2,0,normal
2026-01-14,IST_001,2,0,normal
2026-01-15,IST_001,2,0,normal
2026-01-16,IST_001,2,0,normal
2026-01-17,IST_001,2,0,normal
2026-01-18,IST_001,2,0,normal
2026-01-19,IST_001,2,0,normal
2026-01-20,IST_001,2,0,normal
2026-01-21,IST_001,2,0,normal
2026-01-22,IST_001,2,0,normal
2026-01-23,IST_001,2,0,normal
2026-01-24,IST_001,2,0,normal
2026-01-25,IST_001,2,0,normal
2026-01-26,IST_001,2,0,normal
2026-01-27,IST_001,2,0,normal
2026-01-28,IST_001,2,0,normal
2026-01-29,IST_001,2,0,normal
2026-01-30,IST_001,2,0,normal
2026-01-31,IST_001,2,0,normal
2026-02-01,IST_001,2,0,normal
2026-02-02,IST_001,2,0,normal
2026-02-03,IST_001,2,0,normal
2026-02-04,IST_001,2,0,normal
2026-02-05,IST_001,2,0,normal
2026-02-06,IST_001,2,0,normal
2026-02-07,IST_001,2,0,normal
2026-02-08,IST_001,2,0,normal
2026-02-09,IST_001,2,0,normal
2026-02-10,IST_001,2,0,normal
2026-02-11,IST_001,2,0,normal
2026-02-12,IST_001,2,0,normal
2026-02-13,IST_001,2,0,normal
2026-02-14,IST_001,2,0,normal
2026-02-15,IST_001,2,0,normal
2026-02-16,IST_001,2,0,normal
2026-02-17,IST_001,2,0,normal
2026-02-18,IST_001,2,0,normal
2026-02-19,IST_001,2,0,normal
2026-02-20,IST_001,2,0,normal
2026-02-21,IST_001,2,0,normal
2026-02-22,IST_001,2,0,normal
2026-02-23,IST_001,2,0,normal
2026-02-24,IST_001,2,0,normal
2026-02-25,IST_001,2,0,normal
2026-02-26,IST_001,2,0,normal
2026-02-27,IST_001,2,0,normal
2026-02-28,IST_001,2,0,normal
2026-03-01,IST_001,2,0,normal
2026-03-02,IST_001,2,0,normal
2026-03-03,IST_001,2,0,normal
2026-03-04,IST_001,2,0,normal
2026-03-05,IST_001,2,0,normal
2026-03-06,IST_001,2,0,normal
2026-03-07,IST_001,2,0,normal
2026-03-08,IST_001,2,0,normal
2026-03-09,IST_001,2,1,probe_arizasi
2026-03-10,IST_001,2,0,normal
2026-03-11,IST_001,2,0,normal
2026-03-12,IST_001,2,0,normal
2026-03-13,IST_001,2,0,normal
2026-03-14,IST_001,2,0,normal
2026-03-15,IST_001,2,0,normal
2026-03-16,IST_001,2,0,normal
2026-03-17,IST_001,2,0,normal
2026-03-18,IST_001,2,0,normal
2026-03-19,IST_001,2,0,normal
2026-03-20,IST_001,2,0,normal
2026-03-21,IST_001,2,0,normal
2026-03-22,IST_001,2,0,normal
2026-03-23,IST_001,2,0,normal
2026-03-24,IST_001,2,0,normal
2026-03-25,IST_001,2,0,normal
2026-03-26,IST_001,2,0,normal
2026-03-27,IST_001,2,0,normal
2026-03-28,IST_001,2,0,normal
2026-03-29,IST_001,2,0,normal
2026-03-30,IST_001,2,0,normal
2026-03-31,IST_001,2,0,normal
2026-01-01,IST_001,3,0,normal
2026-01-02,IST_001,3,0,normal
2026-01-03,IST_001,3,0,normal
2026-01-04,IST_001,3,0,normal
2026-01-05,IST_001,3,0,normal
2026-01-06,IST_001,3,0,normal
2026-01-07,IST_001,3,0,normal
2026-01-08,IST_001,3,0,normal
2026-01-09,IST_001,3,0,normal
2026-01-10,IST_001,3,0,normal
2026-01-11,IST_001,3,0,normal
2026-01-12,IST_001,3,0,normal
2026-01-13,IST_001,3,0,normal
2026-01-14,IST_001,3,0,normal
2026-01-15,IST_001,3,0,normal
2026-01-16,IST_001,3,0,normal
2026-01-17,IST_001,3,0,normal
2026-01-18,IST_001,3,1,manifold_yakit_gecisi
2026-01-19,IST_001,3,1,manifold_yakit_gecisi
2026-01-20,IST_001,3,0,normal
2026-01-21,IST_001,3,0,normal
2026-01-22,IST_001,3,0,normal
2026-01-23,IST_001,3,0,normal
2026-01-24,IST_001,3,0,normal
2026-01-25,IST_001,3,0,normal
2026-01-26,IST_001,3,0,normal
2026-01-27,IST_001,3,0,normal
2026-01-28,IST_001,3,0,normal
2026-01-29,IST_001,3,0,normal
2026-01-30,IST_001,3,0,normal
2026-01-31,IST_001,3,1,manifold_yakit_gecisi
2026-02-01,IST_001,3,0,normal
2026-02-02,IST_001,3,0,normal
2026-02-03,IST_001,3,0,normal
2026-02-04,IST_001,3,0,normal
2026-02-05,IST_001,3,0,normal
2026-02-06,IST_001,3,1,manifold_yakit_gecisi
2026-02-07,IST_001,3,0,normal
2026-02-08,IST_001,3,0,normal
2026-02-09,IST_001,3,0,normal
2026-02-10,IST_001,3,0,normal
2026-02-11,IST_001,3,0,normal
2026-02-12,IST_001,3,0,normal
2026-02-13,IST_001,3,0,normal
2026-02-14,IST_001,3,0,normal
2026-02-15,IST_001,3,0,normal
2026-02-16,IST_001,3,0,normal
2026-02-17,IST_001,3,0,normal
2026-02-18,IST_001,3,0,normal
2026-02-19,IST_001,3,0,normal
2026-02-20,IST_001,3,0,normal
2026-02-21,IST_001,3,0,normal
2026-02-22,IST_001,3,0,normal
2026-02-23,IST_001,3,1,manifold_yakit_gecisi
2026-02-24,IST_001,3,1,manifold_yakit_gecisi
2026-02-25,IST_001,3,0,normal
2026-02-26,IST_001,3,0,normal
2026-02-27,IST_001,3,0,normal
2026-02-28,IST_001,3,0,normal
2026-03-01,IST_001,3,0,normal
2026-03-02,IST_001,3,0,normal
2026-03-03,IST_001,3,0,normal
2026-03-04,IST_001,3,0,normal
2026-03-05,IST_001,3,0,normal
2026-03-06,IST_001,3,0,normal
2026-03-07,IST_001,3,0,normal
2026-03-08,IST_001,3,0,normal
2026-03-09,IST_001,3,0,normal
2026-03-10,IST_001,3,0,normal
2026-03-11,IST_001,3,0,normal
2026-03-12,IST_001,3,0,normal
2026-03-13,IST_001,3,1,manifold_yakit_gecisi
2026-03-14,IST_001,3,0,normal
2026-03-15,IST_001,3,0,normal
2026-03-16,IST_001,3,0,normal
2026-03-17,IST_001,3,0,normal
2026-03-18,IST_001,3,0,normal
2026-03-19,IST_001,3,0,normal
2026-03-20,IST_001,3,0,normal
2026-03-21,IST_001,3,0,normal
2026-03-22,IST_001,3,0,normal
2026-03-23,IST_001,3,0,normal
2026-03-24,IST_001,3,0,normal
2026-03-25,IST_001,3,0,normal
2026-03-26,IST_001,3,0,normal
2026-03-27,IST_001,3,0,normal
2026-03-28,IST_001,3,0,normal
2026-03-29,IST_001,3,0,normal
2026-03-30,IST_001,3,0,normal
2026-03-31,IST_001,3,0,normal
2026-01-01,IST_001,4,0,normal
2026-01-02,IST_001,4,0,normal
2026-01-03,IST_001,4,1,sicaklik_degisimi
2026-01-04,IST_001,4,0,normal
2026-01-05,IST_001,4,0,normal
2026-01-06,IST_001,4,0,normal
2026-01-07,IST_001,4,0,normal
2026-01-08,IST_001,4,0,normal
2026-01-09,IST_001,4,0,normal
2026-01-10,IST_001,4,1,sicaklik_degisimi
2026-01-11,IST_001,4,0,normal
2026-01-12,IST_001,4,0,normal
2026-01-13,IST_001,4,1,sicaklik_degisimi
2026-01-14,IST_001,4,0,normal
2026-01-15,IST_001,4,0,normal
2026-01-16,IST_001,4,0,normal
2026-01-17,IST_001,4,1,sicaklik_degisimi
2026-01-18,IST_001,4,0,normal
2026-01-19,IST_001,4,0,normal
2026-01-20,IST_001,4,1,sicaklik_degisimi
2026-01-21,IST_001,4,0,normal
2026-01-22,IST_001,4,0,normal
2026-01-23,IST_001,4,0,normal
2026-01-24,IST_001,4,0,normal
2026-01-25,IST_001,4,1,sicaklik_degisimi
2026-01-26,IST_001,4,0,normal
2026-01-27,IST_001,4,0,normal
2026-01-28,IST_001,4,1,sicaklik_degisimi
2026-01-29,IST_001,4,0,normal
2026-01-30,IST_001,4,0,normal
2026-01-31,IST_001,4,1,sicaklik_degisimi
2026-02-01,IST_001,4,0,normal
2026-02-02,IST_001,4,0,normal
2026-02-03,IST_001,4,0,normal
2026-02-04,IST_001,4,1,sicaklik_degisimi
2026-02-05,IST_001,4,0,normal
2026-02-06,IST_001,4,0,normal
2026-02-07,IST_001,4,0,normal
2026-02-08,IST_001,4,0,normal
2026-02-09,IST_001,4,1,sicaklik_degisimi
2026-02-10,IST_001,4,0,normal
2026-02-11,IST_001,4,0,normal
2026-02-12,IST_001,4,1,sicaklik_degisimi
2026-02-13,IST_001,4,0,normal
2026-02-14,IST_001,4,0,normal
2026-02-15,IST_001,4,0,normal
2026-02-16,IST_001,4,1,sicaklik_degisimi
2026-02-17,IST_001,4,0,normal
2026-02-18,IST_001,4,1,sicaklik_degisimi
2026-02-19,IST_001,4,1,sicaklik_degisimi
2026-02-20,IST_001,4,0,normal
2026-02-21,IST_001,4,0,normal
2026-02-22,IST_001,4,1,sicaklik_degisimi
2026-02-23,IST_001,4,0,normal
2026-02-24,IST_001,4,0,normal
2026-02-25,IST_001,4,1,sicaklik_degisimi
2026-02-26,IST_001,4,0,normal
2026-02-27,IST_001,4,0,normal
2026-02-28,IST_001,4,1,sicaklik_degisimi
2026-03-01,IST_001,4,1,sicaklik_degisimi
2026-03-02,IST_001,4,0,normal
2026-03-03,IST_001,4,0,normal
2026-03-04,IST_001,4,1,sicaklik_degisimi
2026-03-05,IST_001,4,0,normal
2026-03-06,IST_001,4,0,normal
2026-03-07,IST_001,4,1,sicaklik_degisimi
2026-03-08,IST_001,4,0,normal
2026-03-09,IST_001,4,0,normal
2026-03-10,IST_001,4,1,sicaklik_degisimi
2026-03-11,IST_001,4,0,normal
2026-03-12,IST_001,4,0,normal
2026-03-13,IST_001,4,0,normal
2026-03-14,IST_001,4,1,sicaklik_degisimi
2026-03-15,IST_001,4,0,normal
2026-03-16,IST_001,4,0,normal
2026-03-17,IST_001,4,1,sicaklik_degisimi
2026-03-18,IST_001,4,0,normal
2026-03-19,IST_001,4,0,normal
2026-03-20,IST_001,4,0,normal
2026-03-21,IST_001,4,1,sicaklik_degisimi
2026-03-22,IST_001,4,0,normal
2026-03-23,IST_001,4,0,normal
2026-03-24,IST_001,4,0,normal
2026-03-25,IST_001,4,0,normal
2026-03-26,IST_001,4,1,sicaklik_degisimi
2026-03-27,IST_001,4,0,normal
2026-03-28,IST_001,4,0,normal
2026-03-29,IST_001,4,0,normal
2026-03-30,IST_001,4,1,sicaklik_degisimi
2026-03-31,IST_001,4,0,normal
2026-01-01,IST_001,5,0,normal
2026-01-02,IST_001,5,0,normal
2026-01-03,IST_001,5,1,sicaklik_degisimi
2026-01-04,IST_001,5,1,sicaklik_degisimi
2026-01-05,IST_001,5,1,sicaklik_degisimi
2026-01-06,IST_001,5,0,normal
2026-01-07,IST_001,5,0,normal
2026-01-08,IST_001,5,0,normal
2026-01-09,IST_001,5,1,sicaklik_degisimi
2026-01-10,IST_001,5,0,normal
2026-01-11,IST_001,5,0,normal
2026-01-12,IST_001,5,0,normal
2026-01-13,IST_001,5,0,normal
2026-01-14,IST_001,5,1,sicaklik_degisimi
2026-01-15,IST_001,5,0,normal
2026-01-16,IST_001,5,1,sicaklik_degisimi
2026-01-17,IST_001,5,0,normal
2026-01-18,IST_001,5,0,normal
2026-01-19,IST_001,5,1,sicaklik_degisimi
2026-01-20,IST_001,5,0,normal
2026-01-21,IST_001,5,1,sicaklik_degisimi
2026-01-22,IST_001,5,0,normal
2026-01-23,IST_001,5,0,normal
2026-01-24,IST_001,5,0,normal
2026-01-25,IST_001,5,0,normal
2026-01-26,IST_001,5,1,sicaklik_degisimi
2026-01-27,IST_001,5,0,normal
2026-01-28,IST_001,5,1,sicaklik_degisimi
2026-01-29,IST_001,5,0,normal
2026-01-30,IST_001,5,0,normal
2026-01-31,IST_001,5,0,normal
2026-02-01,IST_001,5,0,normal
2026-02-02,IST_001,5,1,sicaklik_degisimi
2026-02-03,IST_001,5,0,normal
2026-02-04,IST_001,5,0,normal
2026-02-05,IST_001,5,0,normal
2026-02-06,IST_001,5,0,normal
2026-02-07,IST_001,5,1,sicaklik_degisimi
2026-02-08,IST_001,5,0,normal
2026-02-09,IST_001,5,0,normal
2026-02-10,IST_001,5,0,normal
2026-02-11,IST_001,5,0,normal
2026-02-12,IST_001,5,0,normal
2026-02-13,IST_001,5,0,normal
2026-02-14,IST_001,5,0,normal
2026-02-15,IST_001,5,1,sicaklik_degisimi
2026-02-16,IST_001,5,0,normal
2026-02-17,IST_001,5,1,sicaklik_degisimi
2026-02-18,IST_001,5,0,normal
2026-02-19,IST_001,5,0,normal
2026-02-20,IST_001,5,1,sicaklik_degisimi
2026-02-21,IST_001,5,0,normal
2026-02-22,IST_001,5,1,sicaklik_degisimi
2026-02-23,IST_001,5,0,normal
2026-02-24,IST_001,5,1,sicaklik_degisimi
2026-02-25,IST_001,5,0,normal
2026-02-26,IST_001,5,1,sicaklik_degisimi
2026-02-27,IST_001,5,0,normal
2026-02-28,IST_001,5,1,sicaklik_degisimi
2026-03-01,IST_001,5,0,normal
2026-03-02,IST_001,5,1,sicaklik_degisimi
2026-03-03,IST_001,5,0,normal
2026-03-04,IST_001,5,1,sicaklik_degisimi
2026-03-05,IST_001,5,1,sicaklik_degisimi
2026-03-06,IST_001,5,0,normal
2026-03-07,IST_001,5,0,normal
2026-03-08,IST_001,5,1,sicaklik_degisimi
2026-03-09,IST_001,5,0,normal
2026-03-10,IST_001,5,0,normal
2026-03-11,IST_001,5,1,sicaklik_degisimi
2026-03-12,IST_001,5,1,sicaklik_degisimi
2026-03-13,IST_001,5,0,normal
2026-03-14,IST_001,5,0,normal
2026-03-15,IST_001,5,0,normal
2026-03-16,IST_001,5,0,normal
2026-03-17,IST_001,5,0,normal
2026-03-18,IST_001,5,1,sicaklik_degisimi
2026-03-19,IST_001,5,1,sicaklik_degisimi
2026-03-20,IST_001,5,0,normal
2026-03-21,IST_001,5,0,normal
2026-03-22,IST_001,5,1,sicaklik_degisimi
2026-03-23,IST_001,5,1,sicaklik_degisimi
2026-03-24,IST_001,5,1,sicaklik_degisimi
2026-03-25,IST_001,5,0,normal
2026-03-26,IST_001,5,0,normal
2026-03-27,IST_001,5,1,sicaklik_degisimi
2026-03-28,IST_001,5,0,normal
2026-03-29,IST_001,5,0,normal
2026-03-30,IST_001,5,0,normal
2026-03-31,IST_001,5,0,normal
2026-01-01,IST_002,1,0,normal
2026-01-02,IST_002,1,0,normal
2026-01-03,IST_002,1,0,normal
2026-01-04,IST_002,1,0,normal
2026-01-05,IST_002,1,0,normal
2026-01-06,IST_002,1,0,normal
2026-01-07,IST_002,1,1,sicaklik_degisimi
2026-01-08,IST_002,1,0,normal
2026-01-09,IST_002,1,0,normal
2026-01-10,IST_002,1,0,normal
2026-01-11,IST_002,1,0,normal
2026-01-12,IST_002,1,0,normal
2026-01-13,IST_002,1,1,sicaklik_degisimi
2026-01-14,IST_002,1,0,normal
2026-01-15,IST_002,1,0,normal
2026-01-16,IST_002,1,1,sicaklik_degisimi
2026-01-17,IST_002,1,0,normal
2026-01-18,IST_002,1,0,normal
2026-01-19,IST_002,1,0,normal
2026-01-20,IST_002,1,0,normal
2026-01-21,IST_002,1,0,normal
2026-01-22,IST_002,1,1,sicaklik_degisimi
2026-01-23,IST_002,1,1,sicaklik_degisimi
2026-01-24,IST_002,1,0,normal
2026-01-25,IST_002,1,0,normal
2026-01-26,IST_002,1,0,normal
2026-01-27,IST_002,1,0,normal
2026-01-28,IST_002,1,1,sicaklik_degisimi
2026-01-29,IST_002,1,0,normal
2026-01-30,IST_002,1,1,sicaklik_degisimi
2026-01-31,IST_002,1,0,normal
2026-02-01,IST_002,1,0,normal
2026-02-02,IST_002,1,0,normal
2026-02-03,IST_002,1,0,normal
2026-02-04,IST_002,1,0,normal
2026-02-05,IST_002,1,1,sicaklik_degisimi
2026-02-06,IST_002,1,0,normal
2026-02-07,IST_002,1,0,normal
2026-02-08,IST_002,1,0,normal
2026-02-09,IST_002,1,1,sicaklik_degisimi
2026-02-10,IST_002,1,0,normal
2026-02-11,IST_002,1,1,sicaklik_degisimi
2026-02-12,IST_002,1,0,normal
2026-02-13,IST_002,1,0,normal
2026-02-14,IST_002,1,0,normal
2026-02-15,IST_002,1,0,normal
2026-02-16,IST_002,1,1,sicaklik_degisimi
2026-02-17,IST_002,1,0,normal
2026-02-18,IST_002,1,0,normal
2026-02-19,IST_002,1,0,normal
2026-02-20,IST_002,1,0,normal
2026-02-21,IST_002,1,0,normal
2026-02-22,IST_002,1,0,normal
2026-02-23,IST_002,1,0,normal
2026-02-24,IST_002,1,1,sicaklik_degisimi
2026-02-25,IST_002,1,0,normal
2026-02-26,IST_002,1,0,normal
2026-02-27,IST_002,1,1,sicaklik_degisimi
2026-02-28,IST_002,1,0,normal
2026-03-01,IST_002,1,1,sicaklik_degisimi
2026-03-02,IST_002,1,1,atg_arizasi
2026-03-03,IST_002,1,0,normal
2026-03-04,IST_002,1,0,normal
2026-03-05,IST_002,1,0,normal
2026-03-06,IST_002,1,0,normal
2026-03-07,IST_002,1,0,normal
2026-03-08,IST_002,1,1,sicaklik_degisimi
2026-03-09,IST_002,1,0,normal
2026-03-10,IST_002,1,0,normal
2026-03-11,IST_002,1,0,normal
2026-03-12,IST_002,1,0,normal
2026-03-13,IST_002,1,1,dinamik_sizinti
2026-03-14,IST_002,1,1,dinamik_sizinti
2026-03-15,IST_002,1,1,dinamik_sizinti
2026-03-16,IST_002,1,1,dinamik_sizinti
2026-03-17,IST_002,1,1,dinamik_sizinti
2026-03-18,IST_002,1,1,dinamik_sizinti
2026-03-19,IST_002,1,1,dinamik_sizinti
2026-03-20,IST_002,1,1,dinamik_sizinti
2026-03-21,IST_002,1,1,sicaklik_degisimi
2026-03-22,IST_002,1,0,normal
2026-03-23,IST_002,1,0,normal
2026-03-24,IST_002,1,0,normal
2026-03-25,IST_002,1,1,sicaklik_degisimi
2026-03-26,IST_002,1,0,normal
2026-03-27,IST_002,1,0,normal
2026-03-28,IST_002,1,0,normal
2026-03-29,IST_002,1,0,normal
2026-03-30,IST_002,1,0,normal
2026-03-31,IST_002,1,0,normal
2026-01-01,IST_002,2,0,normal
2026-01-02,IST_002,2,0,normal
2026-01-03,IST_002,2,1,sicaklik_degisimi
2026-01-04,IST_002,2,0,normal
2026-01-05,IST_002,2,0,normal
2026-01-06,IST_002,2,0,normal
2026-01-07,IST_002,2,0,normal
2026-01-08,IST_002,2,0,normal
2026-01-09,IST_002,2,0,normal
2026-01-10,IST_002,2,1,sicaklik_degisimi
2026-01-11,IST_002,2,0,normal
2026-01-12,IST_002,2,0,normal
2026-01-13,IST_002,2,0,normal
2026-01-14,IST_002,2,1,sicaklik_degisimi
2026-01-15,IST_002,2,0,normal
2026-01-16,IST_002,2,0,normal
2026-01-17,IST_002,2,0,normal
2026-01-18,IST_002,2,0,normal
2026-01-19,IST_002,2,0,normal
2026-01-20,IST_002,2,0,normal
2026-01-21,IST_002,2,0,normal
2026-01-22,IST_002,2,0,normal
2026-01-23,IST_002,2,0,normal
2026-01-24,IST_002,2,0,normal
2026-01-25,IST_002,2,1,sicaklik_degisimi
2026-01-26,IST_002,2,0,normal
2026-01-27,IST_002,2,0,normal
2026-01-28,IST_002,2,0,normal
2026-01-29,IST_002,2,0,normal
2026-01-30,IST_002,2,0,normal
2026-01-31,IST_002,2,0,normal
2026-02-01,IST_002,2,0,normal
2026-02-02,IST_002,2,0,normal
2026-02-03,IST_002,2,0,normal
2026-02-04,IST_002,2,0,normal
2026-02-05,IST_002,2,0,normal
2026-02-06,IST_002,2,0,normal
2026-02-07,IST_002,2,0,normal
2026-02-08,IST_002,2,0,normal
2026-02-09,IST_002,2,1,sicaklik_degisimi
2026-02-10,IST_002,2,0,normal
2026-02-11,IST_002,2,0,normal
2026-02-12,IST_002,2,0,normal
2026-02-13,IST_002,2,0,normal
2026-02-14,IST_002,2,0,normal
2026-02-15,IST_002,2,0,normal
2026-02-16,IST_002,2,0,normal
2026-02-17,IST_002,2,0,normal
2026-02-18,IST_002,2,0,normal
2026-02-19,IST_002,2,0,normal
2026-02-20,IST_002,2,0,normal
2026-02-21,IST_002,2,0,normal
2026-02-22,IST_002,2,0,normal
2026-02-23,IST_002,2,0,normal
2026-02-24,IST_002,2,0,normal
2026-02-25,IST_002,2,0,normal
2026-02-26,IST_002,2,0,normal
2026-02-27,IST_002,2,0,normal
2026-02-28,IST_002,2,0,normal
2026-03-01,IST_002,2,1,test_satisi
2026-03-02,IST_002,2,1,atg_arizasi
2026-03-03,IST_002,2,0,normal
2026-03-04,IST_002,2,0,normal
2026-03-05,IST_002,2,0,normal
2026-03-06,IST_002,2,0,normal
2026-03-07,IST_002,2,1,sicaklik_degisimi
2026-03-08,IST_002,2,0,normal
2026-03-09,IST_002,2,0,normal
2026-03-10,IST_002,2,0,normal
2026-03-11,IST_002,2,0,normal
2026-03-12,IST_002,2,0,normal
2026-03-13,IST_002,2,0,normal
2026-03-14,IST_002,2,0,normal
2026-03-15,IST_002,2,0,normal
2026-03-16,IST_002,2,0,normal
2026-03-17,IST_002,2,0,normal
2026-03-18,IST_002,2,0,normal
2026-03-19,IST_002,2,0,normal
2026-03-20,IST_002,2,0,normal
2026-03-21,IST_002,2,0,normal
2026-03-22,IST_002,2,0,normal
2026-03-23,IST_002,2,0,normal
2026-03-24,IST_002,2,0,normal
2026-03-25,IST_002,2,0,normal
2026-03-26,IST_002,2,0,normal
2026-03-27,IST_002,2,0,normal
2026-03-28,IST_002,2,0,normal
2026-03-29,IST_002,2,0,normal
2026-03-30,IST_002,2,0,normal
2026-03-31,IST_002,2,0,normal
2026-01-01,IST_002,3,0,normal
2026-01-02,IST_002,3,0,normal
2026-01-03,IST_002,3,0,normal
2026-01-04,IST_002,3,1,sicaklik_degisimi
2026-01-05,IST_002,3,0,normal
2026-01-06,IST_002,3,0,normal
2026-01-07,IST_002,3,0,normal
2026-01-08,IST_002,3,0,normal
2026-01-09,IST_002,3,0,normal
2026-01-10,IST_002,3,0,normal
2026-01-11,IST_002,3,0,normal
2026-01-12,IST_002,3,0,normal
2026-01-13,IST_002,3,0,normal
2026-01-14,IST_002,3,0,normal
2026-01-15,IST_002,3,0,normal
2026-01-16,IST_002,3,1,sicaklik_degisimi
2026-01-17,IST_002,3,0,normal
2026-01-18,IST_002,3,1,sicaklik_degisimi
2026-01-19,IST_002,3,0,normal
2026-01-20,IST_002,3,0,normal
2026-01-21,IST_002,3,0,normal
2026-01-22,IST_002,3,1,sicaklik_degisimi
2026-01-23,IST_002,3,0,normal
2026-01-24,IST_002,3,0,normal
2026-01-25,IST_002,3,0,normal
2026-01-26,IST_002,3,0,normal
2026-01-27,IST_002,3,0,normal
2026-01-28,IST_002,3,1,sicaklik_degisimi
2026-01-29,IST_002,3,0,normal
2026-01-30,IST_002,3,0,normal
2026-01-31,IST_002,3,0,normal
2026-02-01,IST_002,3,1,sicaklik_degisimi
2026-02-02,IST_002,3,0,normal
2026-02-03,IST_002,3,0,normal
2026-02-04,IST_002,3,0,normal
2026-02-05,IST_002,3,0,normal
2026-02-06,IST_002,3,0,normal
2026-02-07,IST_002,3,0,normal
2026-02-08,IST_002,3,0,normal
2026-02-09,IST_002,3,0,normal
2026-02-10,IST_002,3,0,normal
2026-02-11,IST_002,3,0,normal
2026-02-12,IST_002,3,0,normal
2026-02-13,IST_002,3,0,normal
2026-02-14,IST_002,3,0,normal
2026-02-15,IST_002,3,0,normal
2026-02-16,IST_002,3,0,normal
2026-02-17,IST_002,3,0,normal
2026-02-18,IST_002,3,0,normal
2026-02-19,IST_002,3,0,normal
2026-02-20,IST_002,3,0,normal
2026-02-21,IST_002,3,0,normal
2026-02-22,IST_002,3,1,sicaklik_degisimi
2026-02-23,IST_002,3,0,normal
2026-02-24,IST_002,3,0,normal
2026-02-25,IST_002,3,0,normal
2026-02-26,IST_002,3,1,sicaklik_degisimi
2026-02-27,IST_002,3,0,normal
2026-02-28,IST_002,3,0,normal
2026-03-01,IST_002,3,0,normal
2026-03-02,IST_002,3,1,atg_arizasi
2026-03-03,IST_002,3,0,normal
2026-03-04,IST_002,3,0,normal
2026-03-05,IST_002,3,0,normal
2026-03-06,IST_002,3,0,normal
2026-03-07,IST_002,3,0,normal
2026-03-08,IST_002,3,0,normal
2026-03-09,IST_002,3,1,sicaklik_degisimi
2026-03-10,IST_002,3,0,normal
2026-03-11,IST_002,3,0,normal
2026-03-12,IST_002,3,0,normal
2026-03-13,IST_002,3,0,normal
2026-03-14,IST_002,3,0,normal
2026-03-15,IST_002,3,0,normal
2026-03-16,IST_002,3,0,normal
2026-03-17,IST_002,3,1,hayali_dolum
2026-03-18,IST_002,3,0,normal
2026-03-19,IST_002,3,0,normal
2026-03-20,IST_002,3,0,normal
2026-03-21,IST_002,3,0,normal
2026-03-22,IST_002,3,0,normal
2026-03-23,IST_002,3,0,normal
2026-03-24,IST_002,3,0,normal
2026-03-25,IST_002,3,0,normal
2026-03-26,IST_002,3,1,sicaklik_degisimi
2026-03-27,IST_002,3,0,normal
2026-03-28,IST_002,3,0,normal
2026-03-29,IST_002,3,0,normal
2026-03-30,IST_002,3,0,normal
2026-03-31,IST_002,3,0,normal
2026-01-01,IST_002,4,0,normal
2026-01-02,IST_002,4,0,normal
2026-01-03,IST_002,4,0,normal
2026-01-04,IST_002,4,0,normal
2026-01-05,IST_002,4,0,normal
2026-01-06,IST_002,4,0,normal
2026-01-07,IST_002,4,0,normal
2026-01-08,IST_002,4,0,normal
2026-01-09,IST_002,4,0,normal
2026-01-10,IST_002,4,0,normal
2026-01-11,IST_002,4,0,normal
2026-01-12,IST_002,4,0,normal
2026-01-13,IST_002,4,0,normal
2026-01-14,IST_002,4,0,normal
2026-01-15,IST_002,4,0,normal
2026-01-16,IST_002,4,0,normal
2026-01-17,IST_002,4,1,samandira_takilmasi
2026-01-18,IST_002,4,1,samandira_takilmasi
2026-01-19,IST_002,4,1,samandira_takilmasi
2026-01-20,IST_002,4,0,normal
2026-01-21,IST_002,4,0,normal
2026-01-22,IST_002,4,0,normal
2026-01-23,IST_002,4,0,normal
2026-01-24,IST_002,4,0,normal
2026-01-25,IST_002,4,0,normal
2026-01-26,IST_002,4,0,normal
2026-01-27,IST_002,4,0,normal
2026-01-28,IST_002,4,0,normal
2026-01-29,IST_002,4,0,normal
2026-01-30,IST_002,4,0,normal
2026-01-31,IST_002,4,0,normal
2026-02-01,IST_002,4,0,normal
2026-02-02,IST_002,4,0,normal
2026-02-03,IST_002,4,0,normal
2026-02-04,IST_002,4,0,normal
2026-02-05,IST_002,4,0,normal
2026-02-06,IST_002,4,0,normal
2026-02-07,IST_002,4,0,normal
2026-02-08,IST_002,4,0,normal
2026-02-09,IST_002,4,0,normal
2026-02-10,IST_002,4,0,normal
2026-02-11,IST_002,4,0,normal
2026-02-12,IST_002,4,0,normal
2026-02-13,IST_002,4,0,normal
2026-02-14,IST_002,4,0,normal
2026-02-15,IST_002,4,0,normal
2026-02-16,IST_002,4,0,normal
2026-02-17,IST_002,4,0,normal
2026-02-18,IST_002,4,0,normal
2026-02-19,IST_002,4,0,normal
2026-02-20,IST_002,4,0,normal
2026-02-21,IST_002,4,0,normal
2026-02-22,IST_002,4,0,normal
2026-02-23,IST_002,4,0,normal
2026-02-24,IST_002,4,0,normal
2026-02-25,IST_002,4,0,normal
2026-02-26,IST_002,4,0,normal
2026-02-27,IST_002,4,0,normal
2026-02-28,IST_002,4,0,normal
2026-03-01,IST_002,4,0,normal
2026-03-02,IST_002,4,1,atg_arizasi
2026-03-03,IST_002,4,0,normal
2026-03-04,IST_002,4,0,normal
2026-03-05,IST_002,4,0,normal
2026-03-06,IST_002,4,0,normal
2026-03-07,IST_002,4,0,normal
2026-03-08,IST_002,4,0,normal
2026-03-09,IST_002,4,0,normal
2026-03-10,IST_002,4,0,normal
2026-03-11,IST_002,4,0,normal
2026-03-12,IST_002,4,0,normal
2026-03-13,IST_002,4,0,normal
2026-03-14,IST_002,4,0,normal
2026-03-15,IST_002,4,0,normal
2026-03-16,IST_002,4,0,normal
2026-03-17,IST_002,4,0,normal
2026-03-18,IST_002,4,0,normal
2026-03-19,IST_002,4,0,normal
2026-03-20,IST_002,4,0,normal
2026-03-21,IST_002,4,0,normal
2026-03-22,IST_002,4,0,normal
2026-03-23,IST_002,4,0,normal
2026-03-24,IST_002,4,0,normal
2026-03-25,IST_002,4,0,normal
2026-03-26,IST_002,4,0,normal
2026-03-27,IST_002,4,0,normal
2026-03-28,IST_002,4,0,normal
2026-03-29,IST_002,4,0,normal
2026-03-30,IST_002,4,0,normal
2026-03-31,IST_002,4,0,normal
2026-01-01,IST_002,5,0,normal
2026-01-02,IST_002,5,0,normal
2026-01-03,IST_002,5,0,normal
2026-01-04,IST_002,5,1,sicaklik_degisimi
2026-01-05,IST_002,5,1,sicaklik_degisimi
2026-01-06,IST_002,5,0,normal
2026-01-07,IST_002,5,0,normal
2026-01-08,IST_002,5,0,normal
2026-01-09,IST_002,5,0,normal
2026-01-10,IST_002,5,1,sicaklik_degisimi
2026-01-11,IST_002,5,0,normal
2026-01-12,IST_002,5,1,sicaklik_degisimi
2026-01-13,IST_002,5,0,normal
2026-01-14,IST_002,5,1,sicaklik_degisimi
2026-01-15,IST_002,5,0,normal
2026-01-16,IST_002,5,1,sicaklik_degisimi
2026-01-17,IST_002,5,0,normal
2026-01-18,IST_002,5,0,normal
2026-01-19,IST_002,5,1,sicaklik_degisimi
2026-01-20,IST_002,5,0,normal
2026-01-21,IST_002,5,1,sicaklik_degisimi
2026-01-22,IST_002,5,1,hayali_dolum
2026-01-23,IST_002,5,0,normal
2026-01-24,IST_002,5,0,normal
2026-01-25,IST_002,5,0,normal
2026-01-26,IST_002,5,0,normal
2026-01-27,IST_002,5,0,normal
2026-01-28,IST_002,5,1,sicaklik_degisimi
2026-01-29,IST_002,5,0,normal
2026-01-30,IST_002,5,1,sicaklik_degisimi
2026-01-31,IST_002,5,0,normal
2026-02-01,IST_002,5,0,normal
2026-02-02,IST_002,5,1,sicaklik_degisimi
2026-02-03,IST_002,5,0,normal
2026-02-04,IST_002,5,0,normal
2026-02-05,IST_002,5,1,sicaklik_degisimi
2026-02-06,IST_002,5,0,normal
2026-02-07,IST_002,5,1,sicaklik_degisimi
2026-02-08,IST_002,5,1,sicaklik_degisimi
2026-02-09,IST_002,5,1,su_faktoru
2026-02-10,IST_002,5,1,su_faktoru
2026-02-11,IST_002,5,1,su_faktoru
2026-02-12,IST_002,5,1,su_faktoru
2026-02-13,IST_002,5,1,sicaklik_degisimi
2026-02-14,IST_002,5,1,sicaklik_degisimi
2026-02-15,IST_002,5,1,sicaklik_degisimi
2026-02-16,IST_002,5,1,sicaklik_degisimi
2026-02-17,IST_002,5,0,normal
2026-02-18,IST_002,5,0,normal
2026-02-19,IST_002,5,0,normal
2026-02-20,IST_002,5,0,normal
2026-02-21,IST_002,5,0,normal
2026-02-22,IST_002,5,0,normal
2026-02-23,IST_002,5,1,sicaklik_degisimi
2026-02-24,IST_002,5,0,normal
2026-02-25,IST_002,5,1,sicaklik_degisimi
2026-02-26,IST_002,5,0,normal
2026-02-27,IST_002,5,1,sicaklik_degisimi
2026-02-28,IST_002,5,1,sicaklik_degisimi
2026-03-01,IST_002,5,0,normal
2026-03-02,IST_002,5,1,atg_arizasi
2026-03-03,IST_002,5,1,sicaklik_degisimi
2026-03-04,IST_002,5,0,normal
2026-03-05,IST_002,5,0,normal
2026-03-06,IST_002,5,0,normal
2026-03-07,IST_002,5,1,sicaklik_degisimi
2026-03-08,IST_002,5,0,normal
2026-03-09,IST_002,5,0,normal
2026-03-10,IST_002,5,0,normal
2026-03-11,IST_002,5,0,normal
2026-03-12,IST_002,5,0,normal
2026-03-13,IST_002,5,0,normal
2026-03-14,IST_002,5,0,normal
2026-03-15,IST_002,5,1,sicaklik_degisimi
2026-03-16,IST_002,5,0,normal
2026-03-17,IST_002,5,0,normal
2026-03-18,IST_002,5,1,sicaklik_degisimi
2026-03-19,IST_002,5,1,sicaklik_degisimi
2026-03-20,IST_002,5,1,sicaklik_degisimi
2026-03-21,IST_002,5,0,normal
2026-03-22,IST_002,5,1,sicaklik_degisimi
2026-03-23,IST_002,5,0,normal
2026-03-24,IST_002,5,0,normal
2026-03-25,IST_002,5,0,normal
2026-03-26,IST_002,5,1,sicaklik_degisimi
2026-03-27,IST_002,5,0,normal
2026-03-28,IST_002,5,0,normal
2026-03-29,IST_002,5,1,sicaklik_degisimi
2026-03-30,IST_002,5,0,normal
2026-03-31,IST_002,5,1,sicaklik_degisimi
2026-01-01,IST_003,1,0,normal
2026-01-02,IST_003,1,0,normal
2026-01-03,IST_003,1,0,normal
2026-01-04,IST_003,1,0,normal
2026-01-05,IST_003,1,1,sicaklik_degisimi
2026-01-06,IST_003,1,0,normal
2026-01-07,IST_003,1,0,normal
2026-01-08,IST_003,1,0,normal
2026-01-09,IST_003,1,0,normal
2026-01-10,IST_003,1,0,normal
2026-01-11,IST_003,1,1,sicaklik_degisimi
2026-01-12,IST_003,1,0,normal
2026-01-13,IST_003,1,0,normal
2026-01-14,IST_003,1,1,pompa_kalibrasyon
2026-01-15,IST_003,1,1,pompa_kalibrasyon
2026-01-16,IST_003,1,1,pompa_kalibrasyon
2026-01-17,IST_003,1,1,pompa_kalibrasyon
2026-01-18,IST_003,1,1,pompa_kalibrasyon
2026-01-19,IST_003,1,1,pompa_kalibrasyon
2026-01-20,IST_003,1,1,pompa_kalibrasyon
2026-01-21,IST_003,1,1,pompa_kalibrasyon
2026-01-22,IST_003,1,1,pompa_kalibrasyon
2026-01-23,IST_003,1,1,sicaklik_degisimi
2026-01-24,IST_003,1,0,normal
2026-01-25,IST_003,1,0,normal
2026-01-26,IST_003,1,0,normal
2026-01-27,IST_003,1,1,sicaklik_degisimi
2026-01-28,IST_003,1,0,normal
2026-01-29,IST_003,1,1,sicaklik_degisimi
2026-01-30,IST_003,1,0,normal
2026-01-31,IST_003,1,0,normal
2026-02-01,IST_003,1,1,sicaklik_degisimi
2026-02-02,IST_003,1,0,normal
2026-02-03,IST_003,1,0,normal
2026-02-04,IST_003,1,0,normal
2026-02-05,IST_003,1,0,normal
2026-02-06,IST_003,1,0,normal
2026-02-07,IST_003,1,1,sicaklik_degisimi
2026-02-08,IST_003,1,0,normal
2026-02-09,IST_003,1,1,sicaklik_degisimi
2026-02-10,IST_003,1,0,normal
2026-02-11,IST_003,1,0,normal
2026-02-12,IST_003,1,0,normal
2026-02-13,IST_003,1,1,sicaklik_degisimi
2026-02-14,IST_003,1,0,normal
2026-02-15,IST_003,1,0,normal
2026-02-16,IST_003,1,1,sicaklik_degisimi
2026-02-17,IST_003,1,0,normal
2026-02-18,IST_003,1,0,normal
2026-02-19,IST_003,1,0,normal
2026-02-20,IST_003,1,0,normal
2026-02-21,IST_003,1,1,sicaklik_degisimi
2026-02-22,IST_003,1,0,normal
2026-02-23,IST_003,1,0,normal
2026-02-24,IST_003,1,1,sicaklik_degisimi
2026-02-25,IST_003,1,0,normal
2026-02-26,IST_003,1,0,normal
2026-02-27,IST_003,1,0,normal
2026-02-28,IST_003,1,0,normal
2026-03-01,IST_003,1,1,sicaklik_degisimi
2026-03-02,IST_003,1,0,normal
2026-03-03,IST_003,1,0,normal
2026-03-04,IST_003,1,0,normal
2026-03-05,IST_003,1,0,normal
2026-03-06,IST_003,1,0,normal
2026-03-07,IST_003,1,0,normal
2026-03-08,IST_003,1,1,sicaklik_degisimi
2026-03-09,IST_003,1,0,normal
2026-03-10,IST_003,1,0,normal
2026-03-11,IST_003,1,0,normal
2026-03-12,IST_003,1,0,normal
2026-03-13,IST_003,1,0,normal
2026-03-14,IST_003,1,1,sicaklik_degisimi
2026-03-15,IST_003,1,0,normal
2026-03-16,IST_003,1,0,normal
2026-03-17,IST_003,1,0,normal
2026-03-18,IST_003,1,0,normal
2026-03-19,IST_003,1,0,normal
2026-03-20,IST_003,1,0,normal
2026-03-21,IST_003,1,1,sicaklik_degisimi
2026-03-22,IST_003,1,0,normal
2026-03-23,IST_003,1,0,normal
2026-03-24,IST_003,1,0,normal
2026-03-25,IST_003,1,0,normal
2026-03-26,IST_003,1,1,sicaklik_degisimi
2026-03-27,IST_003,1,0,normal
2026-03-28,IST_003,1,0,normal
2026-03-29,IST_003,1,0,normal
2026-03-30,IST_003,1,1,sicaklik_degisimi
2026-03-31,IST_003,1,0,normal
2026-01-01,IST_003,2,0,normal
2026-01-02,IST_003,2,1,yakit_gecisi
2026-01-03,IST_003,2,1,sicaklik_degisimi
2026-01-04,IST_003,2,0,normal
2026-01-05,IST_003,2,1,yakit_gecisi
2026-01-06,IST_003,2,0,normal
2026-01-07,IST_003,2,0,normal
2026-01-08,IST_003,2,1,yakit_gecisi
2026-01-09,IST_003,2,0,normal
2026-01-10,IST_003,2,0,normal
2026-01-11,IST_003,2,1,yakit_gecisi
2026-01-12,IST_003,2,0,normal
2026-01-13,IST_003,2,1,sicaklik_degisimi
2026-01-14,IST_003,2,1,yakit_gecisi
2026-01-15,IST_003,2,0,normal
2026-01-16,IST_003,2,0,normal
2026-01-17,IST_003,2,1,yakit_gecisi
2026-01-18,IST_003,2,1,yakit_gecisi
2026-01-19,IST_003,2,0,normal
2026-01-20,IST_003,2,1,yakit_gecisi
2026-01-21,IST_003,2,1,sicaklik_degisimi
2026-01-22,IST_003,2,1,dinamik_sizinti
2026-01-23,IST_003,2,1,dinamik_sizinti
2026-01-24,IST_003,2,1,dinamik_sizinti
2026-01-25,IST_003,2,1,dinamik_sizinti
2026-01-26,IST_003,2,1,dinamik_sizinti
2026-01-27,IST_003,2,1,dinamik_sizinti
2026-01-28,IST_003,2,1,dinamik_sizinti
2026-01-29,IST_003,2,1,dinamik_sizinti
2026-01-30,IST_003,2,0,normal
2026-01-31,IST_003,2,1,yakit_gecisi
2026-02-01,IST_003,2,1,sicaklik_degisimi
2026-02-02,IST_003,2,0,normal
2026-02-03,IST_003,2,1,sicaklik_degisimi
2026-02-04,IST_003,2,1,yakit_gecisi
2026-02-05,IST_003,2,0,normal
2026-02-06,IST_003,2,1,sicaklik_degisimi
2026-02-07,IST_003,2,0,normal
2026-02-08,IST_003,2,1,yakit_gecisi
2026-02-09,IST_003,2,1,sicaklik_degisimi
2026-02-10,IST_003,2,1,yakit_gecisi
2026-02-11,IST_003,2,0,normal
2026-02-12,IST_003,2,0,normal
2026-02-13,IST_003,2,1,yakit_gecisi
2026-02-14,IST_003,2,1,sicaklik_degisimi
2026-02-15,IST_003,2,0,normal
2026-02-16,IST_003,2,0,normal
2026-02-17,IST_003,2,1,yakit_gecisi
2026-02-18,IST_003,2,1,sicaklik_degisimi
2026-02-19,IST_003,2,0,normal
2026-02-20,IST_003,2,1,yakit_gecisi
2026-02-21,IST_003,2,0,normal
2026-02-22,IST_003,2,0,normal
2026-02-23,IST_003,2,1,yakit_gecisi
2026-02-24,IST_003,2,0,normal
2026-02-25,IST_003,2,0,normal
2026-02-26,IST_003,2,1,yakit_gecisi
2026-02-27,IST_003,2,1,yakit_gecisi
2026-02-28,IST_003,2,0,normal
2026-03-01,IST_003,2,1,sicaklik_degisimi
2026-03-02,IST_003,2,1,yakit_gecisi
2026-03-03,IST_003,2,0,normal
2026-03-04,IST_003,2,0,normal
2026-03-05,IST_003,2,1,yakit_gecisi
2026-03-06,IST_003,2,0,normal
2026-03-07,IST_003,2,1,sicaklik_degisimi
2026-03-08,IST_003,2,1,algilanmayan_dolum
2026-03-09,IST_003,2,1,yakit_gecisi
2026-03-10,IST_003,2,0,normal
2026-03-11,IST_003,2,1,sicaklik_degisimi
2026-03-12,IST_003,2,1,yakit_gecisi
2026-03-13,IST_003,2,0,normal
2026-03-14,IST_003,2,0,normal
2026-03-15,IST_003,2,1,yakit_gecisi
2026-03-16,IST_003,2,0,normal
2026-03-17,IST_003,2,0,normal
2026-03-18,IST_003,2,1,sicaklik_degisimi
2026-03-19,IST_003,2,1,yakit_gecisi
2026-03-20,IST_003,2,0,normal
2026-03-21,IST_003,2,1,sicaklik_degisimi
2026-03-22,IST_003,2,1,yakit_gecisi
2026-03-23,IST_003,2,0,normal
2026-03-24,IST_003,2,1,sicaklik_degisimi
2026-03-25,IST_003,2,1,yakit_gecisi
2026-03-26,IST_003,2,0,normal
2026-03-27,IST_003,2,1,sicaklik_degisimi
2026-03-28,IST_003,2,0,normal
2026-03-29,IST_003,2,1,yakit_gecisi
2026-03-30,IST_003,2,1,sicaklik_degisimi
2026-03-31,IST_003,2,0,normal
2026-01-01,IST_003,3,0,normal
2026-01-02,IST_003,3,0,normal
2026-01-03,IST_003,3,1,yakit_gecisi
2026-01-04,IST_003,3,0,normal
2026-01-05,IST_003,3,0,normal
2026-01-06,IST_003,3,0,normal
2026-01-07,IST_003,3,1,yakit_gecisi
2026-01-08,IST_003,3,1,yakit_gecisi
2026-01-09,IST_003,3,0,normal
2026-01-10,IST_003,3,0,normal
2026-01-11,IST_003,3,1,yakit_gecisi
2026-01-12,IST_003,3,0,normal
2026-01-13,IST_003,3,1,yakit_gecisi
2026-01-14,IST_003,3,0,normal
2026-01-15,IST_003,3,1,yakit_gecisi
2026-01-16,IST_003,3,0,normal
2026-01-17,IST_003,3,0,normal
2026-01-18,IST_003,3,1,yakit_gecisi
2026-01-19,IST_003,3,0,normal
2026-01-20,IST_003,3,1,yakit_gecisi
2026-01-21,IST_003,3,1,yakit_gecisi
2026-01-22,IST_003,3,0,normal
2026-01-23,IST_003,3,1,yakit_gecisi
2026-01-24,IST_003,3,1,yakit_gecisi
2026-01-25,IST_003,3,0,normal
2026-01-26,IST_003,3,1,yakit_gecisi
2026-01-27,IST_003,3,0,normal
2026-01-28,IST_003,3,0,normal
2026-01-29,IST_003,3,1,yakit_gecisi
2026-01-30,IST_003,3,0,normal
2026-01-31,IST_003,3,0,normal
2026-02-01,IST_003,3,1,yakit_gecisi
2026-02-02,IST_003,3,0,normal
2026-02-03,IST_003,3,1,yakit_gecisi
2026-02-04,IST_003,3,0,normal
2026-02-05,IST_003,3,0,normal
2026-02-06,IST_003,3,1,yakit_gecisi
2026-02-07,IST_003,3,0,normal
2026-02-08,IST_003,3,0,normal
2026-02-09,IST_003,3,1,yakit_gecisi
2026-02-10,IST_003,3,0,normal
2026-02-11,IST_003,3,0,normal
2026-02-12,IST_003,3,0,normal
2026-02-13,IST_003,3,1,yakit_gecisi
2026-02-14,IST_003,3,1,yakit_gecisi
2026-02-15,IST_003,3,0,normal
2026-02-16,IST_003,3,0,normal
2026-02-17,IST_003,3,0,normal
2026-02-18,IST_003,3,1,yakit_gecisi
2026-02-19,IST_003,3,0,normal
2026-02-20,IST_003,3,1,yakit_gecisi
2026-02-21,IST_003,3,1,yakit_gecisi
2026-02-22,IST_003,3,0,normal
2026-02-23,IST_003,3,1,yakit_gecisi
2026-02-24,IST_003,3,0,normal
2026-02-25,IST_003,3,0,normal
2026-02-26,IST_003,3,0,normal
2026-02-27,IST_003,3,1,yakit_gecisi
2026-02-28,IST_003,3,0,normal
2026-03-01,IST_003,3,1,yakit_gecisi
2026-03-02,IST_003,3,0,normal
2026-03-03,IST_003,3,1,yakit_gecisi
2026-03-04,IST_003,3,0,normal
2026-03-05,IST_003,3,1,yakit_gecisi
2026-03-06,IST_003,3,0,normal
2026-03-07,IST_003,3,1,yakit_gecisi
2026-03-08,IST_003,3,0,normal
2026-03-09,IST_003,3,0,normal
2026-03-10,IST_003,3,0,normal
2026-03-11,IST_003,3,1,yakit_gecisi
2026-03-12,IST_003,3,0,normal
2026-03-13,IST_003,3,1,yakit_gecisi
2026-03-14,IST_003,3,1,yakit_gecisi
2026-03-15,IST_003,3,1,yakit_gecisi
2026-03-16,IST_003,3,1,yakit_gecisi
2026-03-17,IST_003,3,0,normal
2026-03-18,IST_003,3,1,yakit_gecisi
2026-03-19,IST_003,3,0,normal
2026-03-20,IST_003,3,0,normal
2026-03-21,IST_003,3,1,yakit_gecisi
2026-03-22,IST_003,3,0,normal
2026-03-23,IST_003,3,0,normal
2026-03-24,IST_003,3,1,yakit_gecisi
2026-03-25,IST_003,3,0,normal
2026-03-26,IST_003,3,0,normal
2026-03-27,IST_003,3,1,yakit_gecisi
2026-03-28,IST_003,3,0,normal
2026-03-29,IST_003,3,0,normal
2026-03-30,IST_003,3,1,yakit_gecisi
2026-03-31,IST_003,3,0,normal
2026-01-01,IST_004,1,0,normal
2026-01-02,IST_004,1,0,normal
2026-01-03,IST_004,1,0,normal
2026-01-04,IST_004,1,1,sicaklik_degisimi
2026-01-05,IST_004,1,0,normal
2026-01-06,IST_004,1,1,sicaklik_degisimi
2026-01-07,IST_004,1,0,normal
2026-01-08,IST_004,1,0,normal
2026-01-09,IST_004,1,0,normal
2026-01-10,IST_004,1,0,normal
2026-01-11,IST_004,1,1,sicaklik_degisimi
2026-01-12,IST_004,1,0,normal
2026-01-13,IST_004,1,1,sicaklik_degisimi
2026-01-14,IST_004,1,0,normal
2026-01-15,IST_004,1,0,normal
2026-01-16,IST_004,1,0,normal
2026-01-17,IST_004,1,0,normal
2026-01-18,IST_004,1,1,sicaklik_degisimi
2026-01-19,IST_004,1,0,normal
2026-01-20,IST_004,1,1,sicaklik_degisimi
2026-01-21,IST_004,1,0,normal
2026-01-22,IST_004,1,1,sicaklik_degisimi
2026-01-23,IST_004,1,0,normal
2026-01-24,IST_004,1,0,normal
2026-01-25,IST_004,1,1,sicaklik_degisimi
2026-01-26,IST_004,1,0,normal
2026-01-27,IST_004,1,1,sicaklik_degisimi
2026-01-28,IST_004,1,0,normal
2026-01-29,IST_004,1,0,normal
2026-01-30,IST_004,1,1,sicaklik_degisimi
2026-01-31,IST_004,1,0,normal
2026-02-01,IST_004,1,0,normal
2026-02-02,IST_004,1,1,sicaklik_degisimi
2026-02-03,IST_004,1,0,normal
2026-02-04,IST_004,1,0,normal
2026-02-05,IST_004,1,0,normal
2026-02-06,IST_004,1,0,normal
2026-02-07,IST_004,1,1,sicaklik_degisimi
2026-02-08,IST_004,1,0,normal
2026-02-09,IST_004,1,1,sicaklik_degisimi
2026-02-10,IST_004,1,1,sicaklik_degisimi
2026-02-11,IST_004,1,0,normal
2026-02-12,IST_004,1,0,normal
2026-02-13,IST_004,1,0,normal
2026-02-14,IST_004,1,1,sicaklik_degisimi
2026-02-15,IST_004,1,0,normal
2026-02-16,IST_004,1,1,sicaklik_degisimi
2026-02-17,IST_004,1,0,normal
2026-02-18,IST_004,1,0,normal
2026-02-19,IST_004,1,0,normal
2026-02-20,IST_004,1,0,normal
2026-02-21,IST_004,1,0,normal
2026-02-22,IST_004,1,1,sicaklik_degisimi
2026-02-23,IST_004,1,0,normal
2026-02-24,IST_004,1,0,normal
2026-02-25,IST_004,1,0,normal
2026-02-26,IST_004,1,0,normal
2026-02-27,IST_004,1,0,normal
2026-02-28,IST_004,1,0,normal
2026-03-01,IST_004,1,1,pompaci_manipulasyonu
2026-03-02,IST_004,1,1,pompaci_manipulasyonu
2026-03-03,IST_004,1,1,pompaci_manipulasyonu
2026-03-04,IST_004,1,0,normal
2026-03-05,IST_004,1,1,pompaci_manipulasyonu
2026-03-06,IST_004,1,1,sicaklik_degisimi
2026-03-07,IST_004,1,0,normal
2026-03-08,IST_004,1,1,pompaci_manipulasyonu
2026-03-09,IST_004,1,0,normal
2026-03-10,IST_004,1,0,normal
2026-03-11,IST_004,1,0,normal
2026-03-12,IST_004,1,0,normal
2026-03-13,IST_004,1,1,sicaklik_degisimi
2026-03-14,IST_004,1,0,normal
2026-03-15,IST_004,1,0,normal
2026-03-16,IST_004,1,1,sicaklik_degisimi
2026-03-17,IST_004,1,0,normal
2026-03-18,IST_004,1,0,normal
2026-03-19,IST_004,1,1,sicaklik_degisimi
2026-03-20,IST_004,1,0,normal
2026-03-21,IST_004,1,1,sicaklik_degisimi
2026-03-22,IST_004,1,0,normal
2026-03-23,IST_004,1,0,normal
2026-03-24,IST_004,1,1,sicaklik_degisimi
2026-03-25,IST_004,1,0,normal
2026-03-26,IST_004,1,1,sicaklik_degisimi
2026-03-27,IST_004,1,0,normal
2026-03-28,IST_004,1,0,normal
2026-03-29,IST_004,1,0,normal
2026-03-30,IST_004,1,1,sicaklik_degisimi
2026-03-31,IST_004,1,0,normal
2026-01-01,IST_004,2,0,normal
2026-01-02,IST_004,2,0,normal
2026-01-03,IST_004,2,0,normal
2026-01-04,IST_004,2,0,normal
2026-01-05,IST_004,2,0,normal
2026-01-06,IST_004,2,0,normal
2026-01-07,IST_004,2,1,sicaklik_degisimi
2026-01-08,IST_004,2,0,normal
2026-01-09,IST_004,2,0,normal
2026-01-10,IST_004,2,1,sicaklik_degisimi
2026-01-11,IST_004,2,0,normal
2026-01-12,IST_004,2,1,manifold_yakit_gecisi
2026-01-13,IST_004,2,0,normal
2026-01-14,IST_004,2,1,manifold_yakit_gecisi
2026-01-15,IST_004,2,0,normal
2026-01-16,IST_004,2,1,manifold_yakit_gecisi
2026-01-17,IST_004,2,0,normal
2026-01-18,IST_004,2,0,normal
2026-01-19,IST_004,2,0,normal
2026-01-20,IST_004,2,0,normal
2026-01-21,IST_004,2,0,normal
2026-01-22,IST_004,2,0,normal
2026-01-23,IST_004,2,0,normal
2026-01-24,IST_004,2,1,sicaklik_degisimi
2026-01-25,IST_004,2,0,normal
2026-01-26,IST_004,2,0,normal
2026-01-27,IST_004,2,0,normal
2026-01-28,IST_004,2,0,normal
2026-01-29,IST_004,2,0,normal
2026-01-30,IST_004,2,0,normal
2026-01-31,IST_004,2,0,normal
2026-02-01,IST_004,2,0,normal
2026-02-02,IST_004,2,0,normal
2026-02-03,IST_004,2,1,sicaklik_degisimi
2026-02-04,IST_004,2,1,manifold_yakit_gecisi
2026-02-05,IST_004,2,0,normal
2026-02-06,IST_004,2,0,normal
2026-02-07,IST_004,2,0,normal
2026-02-08,IST_004,2,0,normal
2026-02-09,IST_004,2,0,normal
2026-02-10,IST_004,2,1,manifold_yakit_gecisi
2026-02-11,IST_004,2,1,sicaklik_degisimi
2026-02-12,IST_004,2,0,normal
2026-02-13,IST_004,2,0,normal
2026-02-14,IST_004,2,0,normal
2026-02-15,IST_004,2,0,normal
2026-02-16,IST_004,2,0,normal
2026-02-17,IST_004,2,0,normal
2026-02-18,IST_004,2,0,normal
2026-02-19,IST_004,2,0,normal
2026-02-20,IST_004,2,0,normal
2026-02-21,IST_004,2,1,sicaklik_degisimi
2026-02-22,IST_004,2,0,normal
2026-02-23,IST_004,2,0,normal
2026-02-24,IST_004,2,0,normal
2026-02-25,IST_004,2,0,normal
2026-02-26,IST_004,2,0,normal
2026-02-27,IST_004,2,0,normal
2026-02-28,IST_004,2,0,normal
2026-03-01,IST_004,2,0,normal
2026-03-02,IST_004,2,0,normal
2026-03-03,IST_004,2,0,normal
2026-03-04,IST_004,2,0,normal
2026-03-05,IST_004,2,0,normal
2026-03-06,IST_004,2,1,manifold_yakit_gecisi
2026-03-07,IST_004,2,0,normal
2026-03-08,IST_004,2,0,normal
2026-03-09,IST_004,2,0,normal
2026-03-10,IST_004,2,1,manifold_yakit_gecisi
2026-03-11,IST_004,2,0,normal
2026-03-12,IST_004,2,0,normal
2026-03-13,IST_004,2,0,normal
2026-03-14,IST_004,2,0,normal
2026-03-15,IST_004,2,0,normal
2026-03-16,IST_004,2,1,manifold_yakit_gecisi
2026-03-17,IST_004,2,0,normal
2026-03-18,IST_004,2,0,normal
2026-03-19,IST_004,2,0,normal
2026-03-20,IST_004,2,0,normal
2026-03-21,IST_004,2,0,normal
2026-03-22,IST_004,2,0,normal
2026-03-23,IST_004,2,0,normal
2026-03-24,IST_004,2,0,normal
2026-03-25,IST_004,2,0,normal
2026-03-26,IST_004,2,0,normal
2026-03-27,IST_004,2,1,sicaklik_degisimi
2026-03-28,IST_004,2,0,normal
2026-03-29,IST_004,2,0,normal
2026-03-30,IST_004,2,1,manifold_yakit_gecisi
2026-03-31,IST_004,2,1,sicaklik_degisimi
2026-01-01,IST_004,3,0,normal
2026-01-02,IST_004,3,0,normal
2026-01-03,IST_004,3,0,normal
2026-01-04,IST_004,3,0,normal
2026-01-05,IST_004,3,1,sicaklik_degisimi
2026-01-06,IST_004,3,0,normal
2026-01-07,IST_004,3,1,sicaklik_degisimi
2026-01-08,IST_004,3,0,normal
2026-01-09,IST_004,3,1,sicaklik_degisimi
2026-01-10,IST_004,3,0,normal
2026-01-11,IST_004,3,0,normal
2026-01-12,IST_004,3,1,sicaklik_degisimi
2026-01-13,IST_004,3,0,normal
2026-01-14,IST_004,3,0,normal
2026-01-15,IST_004,3,1,sicaklik_degisimi
2026-01-16,IST_004,3,0,normal
2026-01-17,IST_004,3,0,normal
2026-01-18,IST_004,3,0,normal
2026-01-19,IST_004,3,0,normal
2026-01-20,IST_004,3,1,sicaklik_degisimi
2026-01-21,IST_004,3,0,normal
2026-01-22,IST_004,3,0,normal
2026-01-23,IST_004,3,0,normal
2026-01-24,IST_004,3,0,normal
2026-01-25,IST_004,3,1,sicaklik_degisimi
2026-01-26,IST_004,3,0,normal
2026-01-27,IST_004,3,1,sicaklik_degisimi
2026-01-28,IST_004,3,0,normal
2026-01-29,IST_004,3,0,normal
2026-01-30,IST_004,3,0,normal
2026-01-31,IST_004,3,0,normal
2026-02-01,IST_004,3,0,normal
2026-02-02,IST_004,3,0,normal
2026-02-03,IST_004,3,0,normal
2026-02-04,IST_004,3,0,normal
2026-02-05,IST_004,3,0,normal
2026-02-06,IST_004,3,1,sicaklik_degisimi
2026-02-07,IST_004,3,1,sicaklik_degisimi
2026-02-08,IST_004,3,0,normal
2026-02-09,IST_004,3,0,normal
2026-02-10,IST_004,3,0,normal
2026-02-11,IST_004,3,1,sicaklik_degisimi
2026-02-12,IST_004,3,0,normal
2026-02-13,IST_004,3,0,normal
2026-02-14,IST_004,3,0,normal
2026-02-15,IST_004,3,0,normal
2026-02-16,IST_004,3,0,normal
2026-02-17,IST_004,3,1,sicaklik_degisimi
2026-02-18,IST_004,3,0,normal
2026-02-19,IST_004,3,0,normal
2026-02-20,IST_004,3,0,normal
2026-02-21,IST_004,3,1,sicaklik_degisimi
2026-02-22,IST_004,3,0,normal
2026-02-23,IST_004,3,1,sicaklik_degisimi
2026-02-24,IST_004,3,0,normal
2026-02-25,IST_004,3,0,normal
2026-02-26,IST_004,3,1,sicaklik_degisimi
2026-02-27,IST_004,3,1,sicaklik_degisimi
2026-02-28,IST_004,3,0,normal
2026-03-01,IST_004,3,0,normal
2026-03-02,IST_004,3,0,normal
2026-03-03,IST_004,3,0,normal
2026-03-04,IST_004,3,0,normal
2026-03-05,IST_004,3,0,normal
2026-03-06,IST_004,3,0,normal
2026-03-07,IST_004,3,0,normal
2026-03-08,IST_004,3,1,sicaklik_degisimi
2026-03-09,IST_004,3,1,sicaklik_degisimi
2026-03-10,IST_004,3,0,normal
2026-03-11,IST_004,3,0,normal
2026-03-12,IST_004,3,1,sicaklik_degisimi
2026-03-13,IST_004,3,0,normal
2026-03-14,IST_004,3,1,sicaklik_degisimi
2026-03-15,IST_004,3,0,normal
2026-03-16,IST_004,3,0,normal
2026-03-17,IST_004,3,0,normal
2026-03-18,IST_004,3,0,normal
2026-03-19,IST_004,3,0,normal
2026-03-20,IST_004,3,1,sicaklik_degisimi
2026-03-21,IST_004,3,0,normal
2026-03-22,IST_004,3,0,normal
2026-03-23,IST_004,3,0,normal
2026-03-24,IST_004,3,1,sicaklik_degisimi
2026-03-25,IST_004,3,0,normal
2026-03-26,IST_004,3,0,normal
2026-03-27,IST_004,3,1,sicaklik_degisimi
2026-03-28,IST_004,3,0,normal
2026-03-29,IST_004,3,1,sicaklik_degisimi
2026-03-30,IST_004,3,0,normal
2026-03-31,IST_004,3,0,normal
2026-01-01,IST_004,4,0,normal
2026-01-02,IST_004,4,0,normal
2026-01-03,IST_004,4,0,normal
2026-01-04,IST_004,4,0,normal
2026-01-05,IST_004,4,0,normal
2026-01-06,IST_004,4,0,normal
2026-01-07,IST_004,4,0,normal
2026-01-08,IST_004,4,1,sicaklik_degisimi
2026-01-09,IST_004,4,0,normal
2026-01-10,IST_004,4,0,normal
2026-01-11,IST_004,4,1,sicaklik_degisimi
2026-01-12,IST_004,4,1,manifold_yakit_gecisi
2026-01-13,IST_004,4,0,normal
2026-01-14,IST_004,4,1,manifold_yakit_gecisi
2026-01-15,IST_004,4,0,normal
2026-01-16,IST_004,4,1,manifold_yakit_gecisi
2026-01-17,IST_004,4,0,normal
2026-01-18,IST_004,4,0,normal
2026-01-19,IST_004,4,0,normal
2026-01-20,IST_004,4,0,normal
2026-01-21,IST_004,4,0,normal
2026-01-22,IST_004,4,0,normal
2026-01-23,IST_004,4,0,normal
2026-01-24,IST_004,4,1,sicaklik_degisimi
2026-01-25,IST_004,4,0,normal
2026-01-26,IST_004,4,0,normal
2026-01-27,IST_004,4,0,normal
2026-01-28,IST_004,4,1,sicaklik_degisimi
2026-01-29,IST_004,4,0,normal
2026-01-30,IST_004,4,0,normal
2026-01-31,IST_004,4,1,sicaklik_degisimi
2026-02-01,IST_004,4,0,normal
2026-02-02,IST_004,4,0,normal
2026-02-03,IST_004,4,0,normal
2026-02-04,IST_004,4,1,manifold_yakit_gecisi
2026-02-05,IST_004,4,0,normal
2026-02-06,IST_004,4,0,normal
2026-02-07,IST_004,4,0,normal
2026-02-08,IST_004,4,0,normal
2026-02-09,IST_004,4,0,normal
2026-02-10,IST_004,4,1,manifold_yakit_gecisi
2026-02-11,IST_004,4,0,normal
2026-02-12,IST_004,4,0,normal
2026-02-13,IST_004,4,0,normal
2026-02-14,IST_004,4,0,normal
2026-02-15,IST_004,4,0,normal
2026-02-16,IST_004,4,0,normal
2026-02-17,IST_004,4,0,normal
2026-02-18,IST_004,4,0,normal
2026-02-19,IST_004,4,1,sicaklik_degisimi
2026-02-20,IST_004,4,0,normal
2026-02-21,IST_004,4,0,normal
2026-02-22,IST_004,4,0,normal
2026-02-23,IST_004,4,0,normal
2026-02-24,IST_004,4,0,normal
2026-02-25,IST_004,4,0,normal
2026-02-26,IST_004,4,0,normal
2026-02-27,IST_004,4,0,normal
2026-02-28,IST_004,4,0,normal
2026-03-01,IST_004,4,0,normal
2026-03-02,IST_004,4,0,normal
2026-03-03,IST_004,4,0,normal
2026-03-04,IST_004,4,0,normal
2026-03-05,IST_004,4,0,normal
2026-03-06,IST_004,4,1,manifold_yakit_gecisi
2026-03-07,IST_004,4,0,normal
2026-03-08,IST_004,4,0,normal
2026-03-09,IST_004,4,0,normal
2026-03-10,IST_004,4,1,manifold_yakit_gecisi
2026-03-11,IST_004,4,0,normal
2026-03-12,IST_004,4,0,normal
2026-03-13,IST_004,4,0,normal
2026-03-14,IST_004,4,0,normal
2026-03-15,IST_004,4,0,normal
2026-03-16,IST_004,4,1,manifold_yakit_gecisi
2026-03-17,IST_004,4,0,normal
2026-03-18,IST_004,4,0,normal
2026-03-19,IST_004,4,0,normal
2026-03-20,IST_004,4,0,normal
2026-03-21,IST_004,4,0,normal
2026-03-22,IST_004,4,0,normal
2026-03-23,IST_004,4,0,normal
2026-03-24,IST_004,4,0,normal
2026-03-25,IST_004,4,0,normal
2026-03-26,IST_004,4,1,sicaklik_degisimi
2026-03-27,IST_004,4,0,normal
2026-03-28,IST_004,4,0,normal
2026-03-29,IST_004,4,0,normal
2026-03-30,IST_004,4,1,manifold_yakit_gecisi
2026-03-31,IST_004,4,0,normal
2026-01-01,IST_004,5,0,normal
2026-01-02,IST_004,5,1,sicaklik_degisimi
2026-01-03,IST_004,5,0,normal
2026-01-04,IST_004,5,0,normal
2026-01-05,IST_004,5,0,normal
2026-01-06,IST_004,5,0,normal
2026-01-07,IST_004,5,1,sicaklik_degisimi
2026-01-08,IST_004,5,0,normal
2026-01-09,IST_004,5,0,normal
2026-01-10,IST_004,5,0,normal
2026-01-11,IST_004,5,0,normal
2026-01-12,IST_004,5,0,normal
2026-01-13,IST_004,5,1,sicaklik_degisimi
2026-01-14,IST_004,5,0,normal
2026-01-15,IST_004,5,0,normal
2026-01-16,IST_004,5,0,normal
2026-01-17,IST_004,5,0,normal
2026-01-18,IST_004,5,0,normal
2026-01-19,IST_004,5,1,sicaklik_degisimi
2026-01-20,IST_004,5,0,normal
2026-01-21,IST_004,5,0,normal
2026-01-22,IST_004,5,1,sicaklik_degisimi
2026-01-23,IST_004,5,0,normal
2026-01-24,IST_004,5,0,normal
2026-01-25,IST_004,5,0,normal
2026-01-26,IST_004,5,0,normal
2026-01-27,IST_004,5,0,normal
2026-01-28,IST_004,5,0,normal
2026-01-29,IST_004,5,0,normal
2026-01-30,IST_004,5,0,normal
2026-01-31,IST_004,5,0,normal
2026-02-01,IST_004,5,1,sicaklik_degisimi
2026-02-02,IST_004,5,0,normal
2026-02-03,IST_004,5,1,sicaklik_degisimi
2026-02-04,IST_004,5,0,normal
2026-02-05,IST_004,5,0,normal
2026-02-06,IST_004,5,0,normal
2026-02-07,IST_004,5,0,normal
2026-02-08,IST_004,5,0,normal
2026-02-09,IST_004,5,0,normal
2026-02-10,IST_004,5,0,normal
2026-02-11,IST_004,5,1,sicaklik_degisimi
2026-02-12,IST_004,5,0,normal
2026-02-13,IST_004,5,0,normal
2026-02-14,IST_004,5,0,normal
2026-02-15,IST_004,5,0,normal
2026-02-16,IST_004,5,0,normal
2026-02-17,IST_004,5,0,normal
2026-02-18,IST_004,5,0,normal
2026-02-19,IST_004,5,0,normal
2026-02-20,IST_004,5,0,normal
2026-02-21,IST_004,5,0,normal
2026-02-22,IST_004,5,0,normal
2026-02-23,IST_004,5,1,statik_sizinti
2026-02-24,IST_004,5,1,statik_sizinti
2026-02-25,IST_004,5,1,statik_sizinti
2026-02-26,IST_004,5,1,statik_sizinti
2026-02-27,IST_004,5,1,statik_sizinti
2026-02-28,IST_004,5,0,normal
2026-03-01,IST_004,5,1,sicaklik_degisimi
2026-03-02,IST_004,5,0,normal
2026-03-03,IST_004,5,0,normal
2026-03-04,IST_004,5,0,normal
2026-03-05,IST_004,5,0,normal
2026-03-06,IST_004,5,0,normal
2026-03-07,IST_004,5,0,normal
2026-03-08,IST_004,5,0,normal
2026-03-09,IST_004,5,0,normal
2026-03-10,IST_004,5,0,normal
2026-03-11,IST_004,5,0,normal
2026-03-12,IST_004,5,1,sicaklik_degisimi
2026-03-13,IST_004,5,0,normal
2026-03-14,IST_004,5,0,normal
2026-03-15,IST_004,5,0,normal
2026-03-16,IST_004,5,0,normal
2026-03-17,IST_004,5,0,normal
2026-03-18,IST_004,5,0,normal
2026-03-19,IST_004,5,0,normal
2026-03-20,IST_004,5,0,normal
2026-03-21,IST_004,5,0,normal
2026-03-22,IST_004,5,0,normal
2026-03-23,IST_004,5,0,normal
2026-03-24,IST_004,5,1,sicaklik_degisimi
2026-03-25,IST_004,5,0,normal
2026-03-26,IST_004,5,0,normal
2026-03-27,IST_004,5,0,normal
2026-03-28,IST_004,5,1,sicaklik_degisimi
2026-03-29,IST_004,5,0,normal
2026-03-30,IST_004,5,0,normal
2026-03-31,IST_004,5,0,normal
2026-01-01,IST_005,1,0,normal
2026-01-02,IST_005,1,0,normal
2026-01-03,IST_005,1,0,normal
2026-01-04,IST_005,1,1,sicaklik_degisimi
2026-01-05,IST_005,1,0,normal
2026-01-06,IST_005,1,0,normal
2026-01-07,IST_005,1,0,normal
2026-01-08,IST_005,1,0,normal
2026-01-09,IST_005,1,0,normal
2026-01-10,IST_005,1,1,manifold_yakit_gecisi
2026-01-11,IST_005,1,1,sicaklik_degisimi
2026-01-12,IST_005,1,0,normal
2026-01-13,IST_005,1,0,normal
2026-01-14,IST_005,1,0,normal
2026-01-15,IST_005,1,0,normal
2026-01-16,IST_005,1,0,normal
2026-01-17,IST_005,1,1,algilanmayan_dolum
2026-01-18,IST_005,1,0,normal
2026-01-19,IST_005,1,1,sicaklik_degisimi
2026-01-20,IST_005,1,1,sicaklik_degisimi
2026-01-21,IST_005,1,0,normal
2026-01-22,IST_005,1,1,sicaklik_degisimi
2026-01-23,IST_005,1,0,normal
2026-01-24,IST_005,1,1,manifold_yakit_gecisi
2026-01-25,IST_005,1,0,normal
2026-01-26,IST_005,1,0,normal
2026-01-27,IST_005,1,1,manifold_yakit_gecisi
2026-01-28,IST_005,1,1,pompa_kalibrasyon
2026-01-29,IST_005,1,1,pompa_kalibrasyon
2026-01-30,IST_005,1,1,pompa_kalibrasyon
2026-01-31,IST_005,1,1,pompa_kalibrasyon
2026-02-01,IST_005,1,1,pompa_kalibrasyon
2026-02-02,IST_005,1,1,pompa_kalibrasyon
2026-02-03,IST_005,1,0,normal
2026-02-04,IST_005,1,0,normal
2026-02-05,IST_005,1,0,normal
2026-02-06,IST_005,1,0,normal
2026-02-07,IST_005,1,1,sicaklik_degisimi
2026-02-08,IST_005,1,1,manifold_yakit_gecisi
2026-02-09,IST_005,1,1,sicaklik_degisimi
2026-02-10,IST_005,1,1,manifold_yakit_gecisi
2026-02-11,IST_005,1,0,normal
2026-02-12,IST_005,1,0,normal
2026-02-13,IST_005,1,0,normal
2026-02-14,IST_005,1,0,normal
2026-02-15,IST_005,1,0,normal
2026-02-16,IST_005,1,1,sicaklik_degisimi
2026-02-17,IST_005,1,0,normal
2026-02-18,IST_005,1,0,normal
2026-02-19,IST_005,1,1,sicaklik_degisimi
2026-02-20,IST_005,1,1,sicaklik_degisimi
2026-02-21,IST_005,1,0,normal
2026-02-22,IST_005,1,0,normal
2026-02-23,IST_005,1,0,normal
2026-02-24,IST_005,1,0,normal
2026-02-25,IST_005,1,0,normal
2026-02-26,IST_005,1,0,normal
2026-02-27,IST_005,1,0,normal
2026-02-28,IST_005,1,0,normal
2026-03-01,IST_005,1,1,manifold_yakit_gecisi
2026-03-02,IST_005,1,0,normal
2026-03-03,IST_005,1,0,normal
2026-03-04,IST_005,1,1,sicaklik_degisimi
2026-03-05,IST_005,1,0,normal
2026-03-06,IST_005,1,0,normal
2026-03-07,IST_005,1,1,manifold_yakit_gecisi
2026-03-08,IST_005,1,1,sicaklik_degisimi
2026-03-09,IST_005,1,1,manifold_yakit_gecisi
2026-03-10,IST_005,1,0,normal
2026-03-11,IST_005,1,0,normal
2026-03-12,IST_005,1,1,sicaklik_degisimi
2026-03-13,IST_005,1,0,normal
2026-03-14,IST_005,1,0,normal
2026-03-15,IST_005,1,0,normal
2026-03-16,IST_005,1,0,normal
2026-03-17,IST_005,1,1,manifold_yakit_gecisi
2026-03-18,IST_005,1,1,manifold_yakit_gecisi
2026-03-19,IST_005,1,0,normal
2026-03-20,IST_005,1,0,normal
2026-03-21,IST_005,1,0,normal
2026-03-22,IST_005,1,1,sicaklik_degisimi
2026-03-23,IST_005,1,0,normal
2026-03-24,IST_005,1,0,normal
2026-03-25,IST_005,1,0,normal
2026-03-26,IST_005,1,1,sicaklik_degisimi
2026-03-27,IST_005,1,0,normal
2026-03-28,IST_005,1,0,normal
2026-03-29,IST_005,1,0,normal
2026-03-30,IST_005,1,1,sicaklik_degisimi
2026-03-31,IST_005,1,0,normal
2026-01-01,IST_005,2,0,normal
2026-01-02,IST_005,2,0,normal
2026-01-03,IST_005,2,0,normal
2026-01-04,IST_005,2,0,normal
2026-01-05,IST_005,2,0,normal
2026-01-06,IST_005,2,0,normal
2026-01-07,IST_005,2,0,normal
2026-01-08,IST_005,2,0,normal
2026-01-09,IST_005,2,0,normal
2026-01-10,IST_005,2,0,normal
2026-01-11,IST_005,2,0,normal
2026-01-12,IST_005,2,0,normal
2026-01-13,IST_005,2,0,normal
2026-01-14,IST_005,2,0,normal
2026-01-15,IST_005,2,0,normal
2026-01-16,IST_005,2,0,normal
2026-01-17,IST_005,2,0,normal
2026-01-18,IST_005,2,0,normal
2026-01-19,IST_005,2,0,normal
2026-01-20,IST_005,2,0,normal
2026-01-21,IST_005,2,0,normal
2026-01-22,IST_005,2,0,normal
2026-01-23,IST_005,2,0,normal
2026-01-24,IST_005,2,0,normal
2026-01-25,IST_005,2,0,normal
2026-01-26,IST_005,2,0,normal
2026-01-27,IST_005,2,0,normal
2026-01-28,IST_005,2,0,normal
2026-01-29,IST_005,2,0,normal
2026-01-30,IST_005,2,0,normal
2026-01-31,IST_005,2,0,normal
2026-02-01,IST_005,2,0,normal
2026-02-02,IST_005,2,0,normal
2026-02-03,IST_005,2,0,normal
2026-02-04,IST_005,2,0,normal
2026-02-05,IST_005,2,0,normal
2026-02-06,IST_005,2,0,normal
2026-02-07,IST_005,2,0,normal
2026-02-08,IST_005,2,0,normal
2026-02-09,IST_005,2,0,normal
2026-02-10,IST_005,2,0,normal
2026-02-11,IST_005,2,0,normal
2026-02-12,IST_005,2,0,normal
2026-02-13,IST_005,2,0,normal
2026-02-14,IST_005,2,0,normal
2026-02-15,IST_005,2,0,normal
2026-02-16,IST_005,2,0,normal
2026-02-17,IST_005,2,0,normal
2026-02-18,IST_005,2,0,normal
2026-02-19,IST_005,2,0,normal
2026-02-20,IST_005,2,0,normal
2026-02-21,IST_005,2,0,normal
2026-02-22,IST_005,2,0,normal
2026-02-23,IST_005,2,0,normal
2026-02-24,IST_005,2,0,normal
2026-02-25,IST_005,2,0,normal
2026-02-26,IST_005,2,0,normal
2026-02-27,IST_005,2,0,normal
2026-02-28,IST_005,2,0,normal
2026-03-01,IST_005,2,0,normal
2026-03-02,IST_005,2,0,normal
2026-03-03,IST_005,2,0,normal
2026-03-04,IST_005,2,0,normal
2026-03-05,IST_005,2,0,normal
2026-03-06,IST_005,2,0,normal
2026-03-07,IST_005,2,0,normal
2026-03-08,IST_005,2,0,normal
2026-03-09,IST_005,2,0,normal
2026-03-10,IST_005,2,0,normal
2026-03-11,IST_005,2,0,normal
2026-03-12,IST_005,2,0,normal
2026-03-13,IST_005,2,0,normal
2026-03-14,IST_005,2,1,mapping_hatasi
2026-03-15,IST_005,2,1,mapping_hatasi
2026-03-16,IST_005,2,1,mapping_hatasi
2026-03-17,IST_005,2,1,mapping_hatasi
2026-03-18,IST_005,2,1,mapping_hatasi
2026-03-19,IST_005,2,1,mapping_hatasi
2026-03-20,IST_005,2,0,normal
2026-03-21,IST_005,2,0,normal
2026-03-22,IST_005,2,0,normal
2026-03-23,IST_005,2,0,normal
2026-03-24,IST_005,2,0,normal
2026-03-25,IST_005,2,0,normal
2026-03-26,IST_005,2,0,normal
2026-03-27,IST_005,2,0,normal
2026-03-28,IST_005,2,0,normal
2026-03-29,IST_005,2,0,normal
2026-03-30,IST_005,2,0,normal
2026-03-31,IST_005,2,0,normal
2026-01-01,IST_005,3,0,normal
2026-01-02,IST_005,3,1,sicaklik_degisimi
2026-01-03,IST_005,3,0,normal
2026-01-04,IST_005,3,0,normal
2026-01-05,IST_005,3,0,normal
2026-01-06,IST_005,3,0,normal
2026-01-07,IST_005,3,0,normal
2026-01-08,IST_005,3,1,sicaklik_degisimi
2026-01-09,IST_005,3,0,normal
2026-01-10,IST_005,3,1,manifold_yakit_gecisi
2026-01-11,IST_005,3,0,normal
2026-01-12,IST_005,3,0,normal
2026-01-13,IST_005,3,1,sicaklik_degisimi
2026-01-14,IST_005,3,0,normal
2026-01-15,IST_005,3,0,normal
2026-01-16,IST_005,3,0,normal
2026-01-17,IST_005,3,0,normal
2026-01-18,IST_005,3,0,normal
2026-01-19,IST_005,3,0,normal
2026-01-20,IST_005,3,0,normal
2026-01-21,IST_005,3,0,normal
2026-01-22,IST_005,3,1,sicaklik_degisimi
2026-01-23,IST_005,3,0,normal
2026-01-24,IST_005,3,1,manifold_yakit_gecisi
2026-01-25,IST_005,3,1,sicaklik_degisimi
2026-01-26,IST_005,3,0,normal
2026-01-27,IST_005,3,1,manifold_yakit_gecisi
2026-01-28,IST_005,3,0,normal
2026-01-29,IST_005,3,0,normal
2026-01-30,IST_005,3,0,normal
2026-01-31,IST_005,3,0,normal
2026-02-01,IST_005,3,0,normal
2026-02-02,IST_005,3,0,normal
2026-02-03,IST_005,3,0,normal
2026-02-04,IST_005,3,1,sicaklik_degisimi
2026-02-05,IST_005,3,0,normal
2026-02-06,IST_005,3,0,normal
2026-02-07,IST_005,3,0,normal
2026-02-08,IST_005,3,1,manifold_yakit_gecisi
2026-02-09,IST_005,3,0,normal
2026-02-10,IST_005,3,1,manifold_yakit_gecisi
2026-02-11,IST_005,3,0,normal
2026-02-12,IST_005,3,0,normal
2026-02-13,IST_005,3,1,sicaklik_degisimi
2026-02-14,IST_005,3,0,normal
2026-02-15,IST_005,3,0,normal
2026-02-16,IST_005,3,0,normal
2026-02-17,IST_005,3,0,normal
2026-02-18,IST_005,3,1,sicaklik_degisimi
2026-02-19,IST_005,3,0,normal
2026-02-20,IST_005,3,0,normal
2026-02-21,IST_005,3,0,normal
2026-02-22,IST_005,3,0,normal
2026-02-23,IST_005,3,0,normal
2026-02-24,IST_005,3,0,normal
2026-02-25,IST_005,3,0,normal
2026-02-26,IST_005,3,0,normal
2026-02-27,IST_005,3,1,sicaklik_degisimi
2026-02-28,IST_005,3,0,normal
2026-03-01,IST_005,3,1,manifold_yakit_gecisi
2026-03-02,IST_005,3,1,sicaklik_degisimi
2026-03-03,IST_005,3,0,normal
2026-03-04,IST_005,3,1,sicaklik_degisimi
2026-03-05,IST_005,3,0,normal
2026-03-06,IST_005,3,0,normal
2026-03-07,IST_005,3,1,manifold_yakit_gecisi
2026-03-08,IST_005,3,0,normal
2026-03-09,IST_005,3,1,manifold_yakit_gecisi
2026-03-10,IST_005,3,1,sicaklik_degisimi
2026-03-11,IST_005,3,0,normal
2026-03-12,IST_005,3,0,normal
2026-03-13,IST_005,3,1,sicaklik_degisimi
2026-03-14,IST_005,3,1,mapping_hatasi
2026-03-15,IST_005,3,1,mapping_hatasi
2026-03-16,IST_005,3,1,mapping_hatasi
2026-03-17,IST_005,3,1,mapping_hatasi
2026-03-18,IST_005,3,1,mapping_hatasi
2026-03-19,IST_005,3,1,mapping_hatasi
2026-03-20,IST_005,3,0,normal
2026-03-21,IST_005,3,0,normal
2026-03-22,IST_005,3,1,sicaklik_degisimi
2026-03-23,IST_005,3,0,normal
2026-03-24,IST_005,3,0,normal
2026-03-25,IST_005,3,0,normal
2026-03-26,IST_005,3,1,sicaklik_degisimi
2026-03-27,IST_005,3,0,normal
2026-03-28,IST_005,3,1,sicaklik_degisimi
2026-03-29,IST_005,3,0,normal
2026-03-30,IST_005,3,0,normal
2026-03-31,IST_005,3,1,sicaklik_degisimi
2026-01-01,IST_006,1,0,normal
2026-01-02,IST_006,1,1,sicaklik_degisimi
2026-01-03,IST_006,1,0,normal
2026-01-04,IST_006,1,0,normal
2026-01-05,IST_006,1,0,normal
2026-01-06,IST_006,1,0,normal
2026-01-07,IST_006,1,0,normal
2026-01-08,IST_006,1,1,sicaklik_degisimi
2026-01-09,IST_006,1,0,normal
2026-01-10,IST_006,1,0,normal
2026-01-11,IST_006,1,0,normal
2026-01-12,IST_006,1,0,normal
2026-01-13,IST_006,1,0,normal
2026-01-14,IST_006,1,1,sicaklik_degisimi
2026-01-15,IST_006,1,0,normal
2026-01-16,IST_006,1,0,normal
2026-01-17,IST_006,1,1,sicaklik_degisimi
2026-01-18,IST_006,1,0,normal
2026-01-19,IST_006,1,0,normal
2026-01-20,IST_006,1,0,normal
2026-01-21,IST_006,1,1,sicaklik_degisimi
2026-01-22,IST_006,1,0,normal
2026-01-23,IST_006,1,0,normal
2026-01-24,IST_006,1,0,normal
2026-01-25,IST_006,1,1,sicaklik_degisimi
2026-01-26,IST_006,1,0,normal
2026-01-27,IST_006,1,0,normal
2026-01-28,IST_006,1,1,sicaklik_degisimi
2026-01-29,IST_006,1,0,normal
2026-01-30,IST_006,1,0,normal
2026-01-31,IST_006,1,0,normal
2026-02-01,IST_006,1,0,normal
2026-02-02,IST_006,1,0,normal
2026-02-03,IST_006,1,0,normal
2026-02-04,IST_006,1,1,sicaklik_degisimi
2026-02-05,IST_006,1,0,normal
2026-02-06,IST_006,1,0,normal
2026-02-07,IST_006,1,0,normal
2026-02-08,IST_006,1,0,normal
2026-02-09,IST_006,1,0,normal
2026-02-10,IST_006,1,0,normal
2026-02-11,IST_006,1,0,normal
2026-02-12,IST_006,1,0,normal
2026-02-13,IST_006,1,1,sicaklik_degisimi
2026-02-14,IST_006,1,0,normal
2026-02-15,IST_006,1,0,normal
2026-02-16,IST_006,1,0,normal
2026-02-17,IST_006,1,0,normal
2026-02-18,IST_006,1,0,normal
2026-02-19,IST_006,1,0,normal
2026-02-20,IST_006,1,0,normal
2026-02-21,IST_006,1,1,sicaklik_degisimi
2026-02-22,IST_006,1,0,normal
2026-02-23,IST_006,1,1,test_satisi
2026-02-24,IST_006,1,0,normal
2026-02-25,IST_006,1,0,normal
2026-02-26,IST_006,1,0,normal
2026-02-27,IST_006,1,0,normal
2026-02-28,IST_006,1,0,normal
2026-03-01,IST_006,1,1,sicaklik_degisimi
2026-03-02,IST_006,1,0,normal
2026-03-03,IST_006,1,0,normal
2026-03-04,IST_006,1,0,normal
2026-03-05,IST_006,1,0,normal
2026-03-06,IST_006,1,1,sicaklik_degisimi
2026-03-07,IST_006,1,0,normal
2026-03-08,IST_006,1,0,normal
2026-03-09,IST_006,1,1,sicaklik_degisimi
2026-03-10,IST_006,1,0,normal
2026-03-11,IST_006,1,0,normal
2026-03-12,IST_006,1,1,sicaklik_degisimi
2026-03-13,IST_006,1,0,normal
2026-03-14,IST_006,1,0,normal
2026-03-15,IST_006,1,0,normal
2026-03-16,IST_006,1,0,normal
2026-03-17,IST_006,1,0,normal
2026-03-18,IST_006,1,0,normal
2026-03-19,IST_006,1,0,normal
2026-03-20,IST_006,1,0,normal
2026-03-21,IST_006,1,0,normal
2026-03-22,IST_006,1,1,sicaklik_degisimi
2026-03-23,IST_006,1,0,normal
2026-03-24,IST_006,1,0,normal
2026-03-25,IST_006,1,0,normal
2026-03-26,IST_006,1,1,sicaklik_degisimi
2026-03-27,IST_006,1,0,normal
2026-03-28,IST_006,1,0,normal
2026-03-29,IST_006,1,0,normal
2026-03-30,IST_006,1,0,normal
2026-03-31,IST_006,1,0,normal
2026-01-01,IST_006,2,0,normal
2026-01-02,IST_006,2,0,normal
2026-01-03,IST_006,2,0,normal
2026-01-04,IST_006,2,1,sicaklik_degisimi
2026-01-05,IST_006,2,0,normal
2026-01-06,IST_006,2,1,sicaklik_degisimi
2026-01-07,IST_006,2,0,normal
2026-01-08,IST_006,2,0,normal
2026-01-09,IST_006,2,0,normal
2026-01-10,IST_006,2,1,sicaklik_degisimi
2026-01-11,IST_006,2,0,normal
2026-01-12,IST_006,2,0,normal
2026-01-13,IST_006,2,1,sicaklik_degisimi
2026-01-14,IST_006,2,0,normal
2026-01-15,IST_006,2,1,sicaklik_degisimi
2026-01-16,IST_006,2,0,normal
2026-01-17,IST_006,2,1,sicaklik_degisimi
2026-01-18,IST_006,2,0,normal
2026-01-19,IST_006,2,0,normal
2026-01-20,IST_006,2,0,normal
2026-01-21,IST_006,2,1,sicaklik_degisimi
2026-01-22,IST_006,2,0,normal
2026-01-23,IST_006,2,0,normal
2026-01-24,IST_006,2,1,sicaklik_degisimi
2026-01-25,IST_006,2,0,normal
2026-01-26,IST_006,2,1,sicaklik_degisimi
2026-01-27,IST_006,2,0,normal
2026-01-28,IST_006,2,0,normal
2026-01-29,IST_006,2,0,normal
2026-01-30,IST_006,2,0,normal
2026-01-31,IST_006,2,0,normal
2026-02-01,IST_006,2,1,sicaklik_degisimi
2026-02-02,IST_006,2,0,normal
2026-02-03,IST_006,2,1,sicaklik_degisimi
2026-02-04,IST_006,2,0,normal
2026-02-05,IST_006,2,0,normal
2026-02-06,IST_006,2,1,sicaklik_degisimi
2026-02-07,IST_006,2,0,normal
2026-02-08,IST_006,2,0,normal
2026-02-09,IST_006,2,1,sicaklik_degisimi
2026-02-10,IST_006,2,1,sicaklik_degisimi
2026-02-11,IST_006,2,0,normal
2026-02-12,IST_006,2,0,normal
2026-02-13,IST_006,2,0,normal
2026-02-14,IST_006,2,0,normal
2026-02-15,IST_006,2,0,normal
2026-02-16,IST_006,2,0,normal
2026-02-17,IST_006,2,1,sicaklik_degisimi
2026-02-18,IST_006,2,1,sicaklik_degisimi
2026-02-19,IST_006,2,0,normal
2026-02-20,IST_006,2,0,normal
2026-02-21,IST_006,2,1,sicaklik_degisimi
2026-02-22,IST_006,2,0,normal
2026-02-23,IST_006,2,1,sicaklik_degisimi
2026-02-24,IST_006,2,0,normal
2026-02-25,IST_006,2,0,normal
2026-02-26,IST_006,2,0,normal
2026-02-27,IST_006,2,1,sicaklik_degisimi
2026-02-28,IST_006,2,0,normal
2026-03-01,IST_006,2,0,normal
2026-03-02,IST_006,2,1,sicaklik_degisimi
2026-03-03,IST_006,2,0,normal
2026-03-04,IST_006,2,1,sicaklik_degisimi
2026-03-05,IST_006,2,0,normal
2026-03-06,IST_006,2,0,normal
2026-03-07,IST_006,2,1,sicaklik_degisimi
2026-03-08,IST_006,2,0,normal
2026-03-09,IST_006,2,0,normal
2026-03-10,IST_006,2,1,sicaklik_degisimi
2026-03-11,IST_006,2,0,normal
2026-03-12,IST_006,2,1,sicaklik_degisimi
2026-03-13,IST_006,2,1,sicaklik_degisimi
2026-03-14,IST_006,2,0,normal
2026-03-15,IST_006,2,1,sicaklik_degisimi
2026-03-16,IST_006,2,0,normal
2026-03-17,IST_006,2,1,sicaklik_degisimi
2026-03-18,IST_006,2,0,normal
2026-03-19,IST_006,2,1,sicaklik_degisimi
2026-03-20,IST_006,2,0,normal
2026-03-21,IST_006,2,0,normal
2026-03-22,IST_006,2,1,sicaklik_degisimi
2026-03-23,IST_006,2,0,normal
2026-03-24,IST_006,2,0,normal
2026-03-25,IST_006,2,1,sicaklik_degisimi
2026-03-26,IST_006,2,0,normal
2026-03-27,IST_006,2,1,sicaklik_degisimi
2026-03-28,IST_006,2,0,normal
2026-03-29,IST_006,2,0,normal
2026-03-30,IST_006,2,0,normal
2026-03-31,IST_006,2,1,sicaklik_degisimi
2026-01-01,IST_006,3,0,normal
2026-01-02,IST_006,3,0,normal
2026-01-03,IST_006,3,0,normal
2026-01-04,IST_006,3,0,normal
2026-01-05,IST_006,3,0,normal
2026-01-06,IST_006,3,0,normal
2026-01-07,IST_006,3,0,normal
2026-01-08,IST_006,3,0,normal
2026-01-09,IST_006,3,0,normal
2026-01-10,IST_006,3,0,normal
2026-01-11,IST_006,3,0,normal
2026-01-12,IST_006,3,0,normal
2026-01-13,IST_006,3,0,normal
2026-01-14,IST_006,3,0,normal
2026-01-15,IST_006,3,0,normal
2026-01-16,IST_006,3,0,normal
2026-01-17,IST_006,3,0,normal
2026-01-18,IST_006,3,0,normal
2026-01-19,IST_006,3,0,normal
2026-01-20,IST_006,3,0,normal
2026-01-21,IST_006,3,0,normal
2026-01-22,IST_006,3,0,normal
2026-01-23,IST_006,3,0,normal
2026-01-24,IST_006,3,0,normal
2026-01-25,IST_006,3,0,normal
2026-01-26,IST_006,3,0,normal
2026-01-27,IST_006,3,0,normal
2026-01-28,IST_006,3,0,normal
2026-01-29,IST_006,3,0,normal
2026-01-30,IST_006,3,0,normal
2026-01-31,IST_006,3,0,normal
2026-02-01,IST_006,3,0,normal
2026-02-02,IST_006,3,0,normal
2026-02-03,IST_006,3,0,normal
2026-02-04,IST_006,3,0,normal
2026-02-05,IST_006,3,0,normal
2026-02-06,IST_006,3,0,normal
2026-02-07,IST_006,3,0,normal
2026-02-08,IST_006,3,0,normal
2026-02-09,IST_006,3,0,normal
2026-02-10,IST_006,3,0,normal
2026-02-11,IST_006,3,0,normal
2026-02-12,IST_006,3,0,normal
2026-02-13,IST_006,3,0,normal
2026-02-14,IST_006,3,0,normal
2026-02-15,IST_006,3,0,normal
2026-02-16,IST_006,3,0,normal
2026-02-17,IST_006,3,0,normal
2026-02-18,IST_006,3,0,normal
2026-02-19,IST_006,3,0,normal
2026-02-20,IST_006,3,0,normal
2026-02-21,IST_006,3,0,normal
2026-02-22,IST_006,3,0,normal
2026-02-23,IST_006,3,0,normal
2026-02-24,IST_006,3,0,normal
2026-02-25,IST_006,3,0,normal
2026-02-26,IST_006,3,0,normal
2026-02-27,IST_006,3,0,normal
2026-02-28,IST_006,3,0,normal
2026-03-01,IST_006,3,0,normal
2026-03-02,IST_006,3,0,normal
2026-03-03,IST_006,3,0,normal
2026-03-04,IST_006,3,0,normal
2026-03-05,IST_006,3,0,normal
2026-03-06,IST_006,3,0,normal
2026-03-07,IST_006,3,0,normal
2026-03-08,IST_006,3,0,normal
2026-03-09,IST_006,3,0,normal
2026-03-10,IST_006,3,0,normal
2026-03-11,IST_006,3,0,normal
2026-03-12,IST_006,3,0,normal
2026-03-13,IST_006,3,0,normal
2026-03-14,IST_006,3,0,normal
2026-03-15,IST_006,3,0,normal
2026-03-16,IST_006,3,0,normal
2026-03-17,IST_006,3,0,normal
2026-03-18,IST_006,3,0,normal
2026-03-19,IST_006,3,0,normal
2026-03-20,IST_006,3,0,normal
2026-03-21,IST_006,3,0,normal
2026-03-22,IST_006,3,0,normal
2026-03-23,IST_006,3,0,normal
2026-03-24,IST_006,3,0,normal
2026-03-25,IST_006,3,0,normal
2026-03-26,IST_006,3,0,normal
2026-03-27,IST_006,3,0,normal
2026-03-28,IST_006,3,0,normal
2026-03-29,IST_006,3,0,normal
2026-03-30,IST_006,3,0,normal
2026-03-31,IST_006,3,0,normal
2026-01-01,IST_006,4,0,normal
2026-01-02,IST_006,4,0,normal
2026-01-03,IST_006,4,0,normal
2026-01-04,IST_006,4,0,normal
2026-01-05,IST_006,4,0,normal
2026-01-06,IST_006,4,0,normal
2026-01-07,IST_006,4,0,normal
2026-01-08,IST_006,4,0,normal
2026-01-09,IST_006,4,0,normal
2026-01-10,IST_006,4,0,normal
2026-01-11,IST_006,4,0,normal
2026-01-12,IST_006,4,0,normal
2026-01-13,IST_006,4,0,normal
2026-01-14,IST_006,4,0,normal
2026-01-15,IST_006,4,0,normal
2026-01-16,IST_006,4,0,normal
2026-01-17,IST_006,4,0,normal
2026-01-18,IST_006,4,0,normal
2026-01-19,IST_006,4,0,normal
2026-01-20,IST_006,4,0,normal
2026-01-21,IST_006,4,0,normal
2026-01-22,IST_006,4,0,normal
2026-01-23,IST_006,4,0,normal
2026-01-24,IST_006,4,0,normal
2026-01-25,IST_006,4,0,normal
2026-01-26,IST_006,4,0,normal
2026-01-27,IST_006,4,0,normal
2026-01-28,IST_006,4,0,normal
2026-01-29,IST_006,4,0,normal
2026-01-30,IST_006,4,0,normal
2026-01-31,IST_006,4,0,normal
2026-02-01,IST_006,4,0,normal
2026-02-02,IST_006,4,0,normal
2026-02-03,IST_006,4,0,normal
2026-02-04,IST_006,4,0,normal
2026-02-05,IST_006,4,0,normal
2026-02-06,IST_006,4,0,normal
2026-02-07,IST_006,4,0,normal
2026-02-08,IST_006,4,0,normal
2026-02-09,IST_006,4,0,normal
2026-02-10,IST_006,4,0,normal
2026-02-11,IST_006,4,0,normal
2026-02-12,IST_006,4,0,normal
2026-02-13,IST_006,4,0,normal
2026-02-14,IST_006,4,0,normal
2026-02-15,IST_006,4,0,normal
2026-02-16,IST_006,4,0,normal
2026-02-17,IST_006,4,0,normal
2026-02-18,IST_006,4,0,normal
2026-02-19,IST_006,4,0,normal
2026-02-20,IST_006,4,0,normal
2026-02-21,IST_006,4,0,normal
2026-02-22,IST_006,4,0,normal
2026-02-23,IST_006,4,0,normal
2026-02-24,IST_006,4,0,normal
2026-02-25,IST_006,4,0,normal
2026-02-26,IST_006,4,0,normal
2026-02-27,IST_006,4,0,normal
2026-02-28,IST_006,4,0,normal
2026-03-01,IST_006,4,0,normal
2026-03-02,IST_006,4,0,normal
2026-03-03,IST_006,4,0,normal
2026-03-04,IST_006,4,0,normal
2026-03-05,IST_006,4,0,normal
2026-03-06,IST_006,4,0,normal
2026-03-07,IST_006,4,0,normal
2026-03-08,IST_006,4,0,normal
2026-03-09,IST_006,4,0,normal
2026-03-10,IST_006,4,0,normal
2026-03-11,IST_006,4,0,normal
2026-03-12,IST_006,4,0,normal
2026-03-13,IST_006,4,0,normal
2026-03-14,IST_006,4,0,normal
2026-03-15,IST_006,4,0,normal
2026-03-16,IST_006,4,0,normal
2026-03-17,IST_006,4,0,normal
2026-03-18,IST_006,4,0,normal
2026-03-19,IST_006,4,0,normal
2026-03-20,IST_006,4,0,normal
2026-03-21,IST_006,4,0,normal
2026-03-22,IST_006,4,0,normal
2026-03-23,IST_006,4,0,normal
2026-03-24,IST_006,4,0,normal
2026-03-25,IST_006,4,0,normal
2026-03-26,IST_006,4,0,normal
2026-03-27,IST_006,4,0,normal
2026-03-28,IST_006,4,0,normal
2026-03-29,IST_006,4,0,normal
2026-03-30,IST_006,4,0,normal
2026-03-31,IST_006,4,0,normal
2026-01-01,IST_007,1,0,normal
2026-01-02,IST_007,1,0,normal
2026-01-03,IST_007,1,1,sicaklik_degisimi
2026-01-04,IST_007,1,0,normal
2026-01-05,IST_007,1,0,normal
2026-01-06,IST_007,1,0,normal
2026-01-07,IST_007,1,1,sicaklik_degisimi
2026-01-08,IST_007,1,1,sicaklik_degisimi
2026-01-09,IST_007,1,0,normal
2026-01-10,IST_007,1,1,sicaklik_degisimi
2026-01-11,IST_007,1,1,sicaklik_degisimi
2026-01-12,IST_007,1,0,normal
2026-01-13,IST_007,1,0,normal
2026-01-14,IST_007,1,1,sicaklik_degisimi
2026-01-15,IST_007,1,0,normal
2026-01-16,IST_007,1,0,normal
2026-01-17,IST_007,1,1,sicaklik_degisimi
2026-01-18,IST_007,1,0,normal
2026-01-19,IST_007,1,0,normal
2026-01-20,IST_007,1,1,sicaklik_degisimi
2026-01-21,IST_007,1,0,normal
2026-01-22,IST_007,1,0,normal
2026-01-23,IST_007,1,1,sicaklik_degisimi
2026-01-24,IST_007,1,1,sicaklik_degisimi
2026-01-25,IST_007,1,0,normal
2026-01-26,IST_007,1,1,sicaklik_degisimi
2026-01-27,IST_007,1,0,normal
2026-01-28,IST_007,1,0,normal
2026-01-29,IST_007,1,1,sicaklik_degisimi
2026-01-30,IST_007,1,0,normal
2026-01-31,IST_007,1,1,sicaklik_degisimi
2026-02-01,IST_007,1,0,normal
2026-02-02,IST_007,1,0,normal
2026-02-03,IST_007,1,0,normal
2026-02-04,IST_007,1,0,normal
2026-02-05,IST_007,1,1,sicaklik_degisimi
2026-02-06,IST_007,1,1,sicaklik_degisimi
2026-02-07,IST_007,1,1,sicaklik_degisimi
2026-02-08,IST_007,1,0,normal
2026-02-09,IST_007,1,0,normal
2026-02-10,IST_007,1,0,normal
2026-02-11,IST_007,1,1,sicaklik_degisimi
2026-02-12,IST_007,1,0,normal
2026-02-13,IST_007,1,0,normal
2026-02-14,IST_007,1,1,sicaklik_degisimi
2026-02-15,IST_007,1,0,normal
2026-02-16,IST_007,1,1,elektrik_arizasi
2026-02-17,IST_007,1,0,normal
2026-02-18,IST_007,1,1,sicaklik_degisimi
2026-02-19,IST_007,1,0,normal
2026-02-20,IST_007,1,0,normal
2026-02-21,IST_007,1,0,normal
2026-02-22,IST_007,1,0,normal
2026-02-23,IST_007,1,0,normal
2026-02-24,IST_007,1,1,sicaklik_degisimi
2026-02-25,IST_007,1,0,normal
2026-02-26,IST_007,1,1,sicaklik_degisimi
2026-02-27,IST_007,1,0,normal
2026-02-28,IST_007,1,1,sicaklik_degisimi
2026-03-01,IST_007,1,0,normal
2026-03-02,IST_007,1,0,normal
2026-03-03,IST_007,1,1,sicaklik_degisimi
2026-03-04,IST_007,1,0,normal
2026-03-05,IST_007,1,0,normal
2026-03-06,IST_007,1,1,sicaklik_degisimi
2026-03-07,IST_007,1,0,normal
2026-03-08,IST_007,1,1,pompa_decimal
2026-03-09,IST_007,1,0,normal
2026-03-10,IST_007,1,0,normal
2026-03-11,IST_007,1,0,normal
2026-03-12,IST_007,1,0,normal
2026-03-13,IST_007,1,0,normal
2026-03-14,IST_007,1,1,sicaklik_degisimi
2026-03-15,IST_007,1,0,normal
2026-03-16,IST_007,1,0,normal
2026-03-17,IST_007,1,1,sicaklik_degisimi
2026-03-18,IST_007,1,0,normal
2026-03-19,IST_007,1,1,sicaklik_degisimi
2026-03-20,IST_007,1,0,normal
2026-03-21,IST_007,1,0,normal
2026-03-22,IST_007,1,1,sicaklik_degisimi
2026-03-23,IST_007,1,0,normal
2026-03-24,IST_007,1,0,normal
2026-03-25,IST_007,1,1,sicaklik_degisimi
2026-03-26,IST_007,1,0,normal
2026-03-27,IST_007,1,0,normal
2026-03-28,IST_007,1,0,normal
2026-03-29,IST_007,1,1,sicaklik_degisimi
2026-03-30,IST_007,1,0,normal
2026-03-31,IST_007,1,0,normal
2026-01-01,IST_007,2,0,normal
2026-01-02,IST_007,2,0,normal
2026-01-03,IST_007,2,0,normal
2026-01-04,IST_007,2,0,normal
2026-01-05,IST_007,2,0,normal
2026-01-06,IST_007,2,0,normal
2026-01-07,IST_007,2,1,sicaklik_degisimi
2026-01-08,IST_007,2,0,normal
2026-01-09,IST_007,2,0,normal
2026-01-10,IST_007,2,0,normal
2026-01-11,IST_007,2,1,sicaklik_degisimi
2026-01-12,IST_007,2,0,normal
2026-01-13,IST_007,2,0,normal
2026-01-14,IST_007,2,0,normal
2026-01-15,IST_007,2,0,normal
2026-01-16,IST_007,2,0,normal
2026-01-17,IST_007,2,1,manifold_yakit_gecisi
2026-01-18,IST_007,2,1,sicaklik_degisimi
2026-01-19,IST_007,2,0,normal
2026-01-20,IST_007,2,0,normal
2026-01-21,IST_007,2,1,sicaklik_degisimi
2026-01-22,IST_007,2,0,normal
2026-01-23,IST_007,2,0,normal
2026-01-24,IST_007,2,1,manifold_yakit_gecisi
2026-01-25,IST_007,2,0,normal
2026-01-26,IST_007,2,1,manifold_yakit_gecisi
2026-01-27,IST_007,2,1,sicaklik_degisimi
2026-01-28,IST_007,2,0,normal
2026-01-29,IST_007,2,0,normal
2026-01-30,IST_007,2,1,sicaklik_degisimi
2026-01-31,IST_007,2,0,normal
2026-02-01,IST_007,2,0,normal
2026-02-02,IST_007,2,0,normal
2026-02-03,IST_007,2,0,normal
2026-02-04,IST_007,2,0,normal
2026-02-05,IST_007,2,1,manifold_yakit_gecisi
2026-02-06,IST_007,2,0,normal
2026-02-07,IST_007,2,1,sicaklik_degisimi
2026-02-08,IST_007,2,0,normal
2026-02-09,IST_007,2,0,normal
2026-02-10,IST_007,2,0,normal
2026-02-11,IST_007,2,0,normal
2026-02-12,IST_007,2,0,normal
2026-02-13,IST_007,2,0,normal
2026-02-14,IST_007,2,0,normal
2026-02-15,IST_007,2,0,normal
2026-02-16,IST_007,2,1,elektrik_arizasi
2026-02-17,IST_007,2,0,normal
2026-02-18,IST_007,2,1,sicaklik_degisimi
2026-02-19,IST_007,2,0,normal
2026-02-20,IST_007,2,1,sicaklik_degisimi
2026-02-21,IST_007,2,0,normal
2026-02-22,IST_007,2,0,normal
2026-02-23,IST_007,2,0,normal
2026-02-24,IST_007,2,0,normal
2026-02-25,IST_007,2,0,normal
2026-02-26,IST_007,2,1,manifold_yakit_gecisi
2026-02-27,IST_007,2,0,normal
2026-02-28,IST_007,2,0,normal
2026-03-01,IST_007,2,0,normal
2026-03-02,IST_007,2,0,normal
2026-03-03,IST_007,2,0,normal
2026-03-04,IST_007,2,0,normal
2026-03-05,IST_007,2,0,normal
2026-03-06,IST_007,2,1,statik_sizinti
2026-03-07,IST_007,2,1,statik_sizinti
2026-03-08,IST_007,2,1,statik_sizinti
2026-03-09,IST_007,2,1,statik_sizinti
2026-03-10,IST_007,2,1,statik_sizinti
2026-03-11,IST_007,2,1,statik_sizinti
2026-03-12,IST_007,2,0,normal
2026-03-13,IST_007,2,0,normal
2026-03-14,IST_007,2,1,sicaklik_degisimi
2026-03-15,IST_007,2,0,normal
2026-03-16,IST_007,2,0,normal
2026-03-17,IST_007,2,0,normal
2026-03-18,IST_007,2,0,normal
2026-03-19,IST_007,2,1,manifold_yakit_gecisi
2026-03-20,IST_007,2,0,normal
2026-03-21,IST_007,2,0,normal
2026-03-22,IST_007,2,0,normal
2026-03-23,IST_007,2,0,normal
2026-03-24,IST_007,2,1,sicaklik_degisimi
2026-03-25,IST_007,2,0,normal
2026-03-26,IST_007,2,0,normal
2026-03-27,IST_007,2,0,normal
2026-03-28,IST_007,2,1,sicaklik_degisimi
2026-03-29,IST_007,2,0,normal
2026-03-30,IST_007,2,0,normal
2026-03-31,IST_007,2,0,normal
2026-01-01,IST_007,3,0,normal
2026-01-02,IST_007,3,0,normal
2026-01-03,IST_007,3,0,normal
2026-01-04,IST_007,3,0,normal
2026-01-05,IST_007,3,0,normal
2026-01-06,IST_007,3,1,sicaklik_degisimi
2026-01-07,IST_007,3,0,normal
2026-01-08,IST_007,3,0,normal
2026-01-09,IST_007,3,1,sicaklik_degisimi
2026-01-10,IST_007,3,0,normal
2026-01-11,IST_007,3,0,normal
2026-01-12,IST_007,3,0,normal
2026-01-13,IST_007,3,1,sicaklik_degisimi
2026-01-14,IST_007,3,1,sicaklik_degisimi
2026-01-15,IST_007,3,1,gun_sonu_dolum
2026-01-16,IST_007,3,1,gun_sonu_dolum
2026-01-17,IST_007,3,0,normal
2026-01-18,IST_007,3,1,sicaklik_degisimi
2026-01-19,IST_007,3,0,normal
2026-01-20,IST_007,3,0,normal
2026-01-21,IST_007,3,0,normal
2026-01-22,IST_007,3,0,normal
2026-01-23,IST_007,3,0,normal
2026-01-24,IST_007,3,0,normal
2026-01-25,IST_007,3,0,normal
2026-01-26,IST_007,3,1,sicaklik_degisimi
2026-01-27,IST_007,3,0,normal
2026-01-28,IST_007,3,0,normal
2026-01-29,IST_007,3,0,normal
2026-01-30,IST_007,3,0,normal
2026-01-31,IST_007,3,0,normal
2026-02-01,IST_007,3,1,sicaklik_degisimi
2026-02-02,IST_007,3,1,pompaci_manipulasyonu
2026-02-03,IST_007,3,1,pompaci_manipulasyonu
2026-02-04,IST_007,3,1,pompaci_manipulasyonu
2026-02-05,IST_007,3,0,normal
2026-02-06,IST_007,3,0,normal
2026-02-07,IST_007,3,0,normal
2026-02-08,IST_007,3,0,normal
2026-02-09,IST_007,3,0,normal
2026-02-10,IST_007,3,1,sicaklik_degisimi
2026-02-11,IST_007,3,0,normal
2026-02-12,IST_007,3,0,normal
2026-02-13,IST_007,3,1,sicaklik_degisimi
2026-02-14,IST_007,3,0,normal
2026-02-15,IST_007,3,1,sicaklik_degisimi
2026-02-16,IST_007,3,1,elektrik_arizasi
2026-02-17,IST_007,3,1,sicaklik_degisimi
2026-02-18,IST_007,3,0,normal
2026-02-19,IST_007,3,1,sicaklik_degisimi
2026-02-20,IST_007,3,0,normal
2026-02-21,IST_007,3,0,normal
2026-02-22,IST_007,3,0,normal
2026-02-23,IST_007,3,0,normal
2026-02-24,IST_007,3,0,normal
2026-02-25,IST_007,3,1,sicaklik_degisimi
2026-02-26,IST_007,3,0,normal
2026-02-27,IST_007,3,0,normal
2026-02-28,IST_007,3,0,normal
2026-03-01,IST_007,3,0,normal
2026-03-02,IST_007,3,1,sicaklik_degisimi
2026-03-03,IST_007,3,0,normal
2026-03-04,IST_007,3,0,normal
2026-03-05,IST_007,3,0,normal
2026-03-06,IST_007,3,1,sicaklik_degisimi
2026-03-07,IST_007,3,0,normal
2026-03-08,IST_007,3,0,normal
2026-03-09,IST_007,3,1,sicaklik_degisimi
2026-03-10,IST_007,3,0,normal
2026-03-11,IST_007,3,0,normal
2026-03-12,IST_007,3,0,normal
2026-03-13,IST_007,3,0,normal
2026-03-14,IST_007,3,0,normal
2026-03-15,IST_007,3,0,normal
2026-03-16,IST_007,3,1,sicaklik_degisimi
2026-03-17,IST_007,3,0,normal
2026-03-18,IST_007,3,0,normal
2026-03-19,IST_007,3,0,normal
2026-03-20,IST_007,3,0,normal
2026-03-21,IST_007,3,0,normal
2026-03-22,IST_007,3,0,normal
2026-03-23,IST_007,3,0,normal
2026-03-24,IST_007,3,0,normal
2026-03-25,IST_007,3,0,normal
2026-03-26,IST_007,3,0,normal
2026-03-27,IST_007,3,0,normal
2026-03-28,IST_007,3,1,sicaklik_degisimi
2026-03-29,IST_007,3,0,normal
2026-03-30,IST_007,3,0,normal
2026-03-31,IST_007,3,0,normal
2026-01-01,IST_007,4,0,normal
2026-01-02,IST_007,4,0,normal
2026-01-03,IST_007,4,0,normal
2026-01-04,IST_007,4,0,normal
2026-01-05,IST_007,4,0,normal
2026-01-06,IST_007,4,0,normal
2026-01-07,IST_007,4,0,normal
2026-01-08,IST_007,4,0,normal
2026-01-09,IST_007,4,0,normal
2026-01-10,IST_007,4,0,normal
2026-01-11,IST_007,4,0,normal
2026-01-12,IST_007,4,0,normal
2026-01-13,IST_007,4,1,sicaklik_degisimi
2026-01-14,IST_007,4,0,normal
2026-01-15,IST_007,4,1,gun_sonu_dolum
2026-01-16,IST_007,4,1,gun_sonu_dolum
2026-01-17,IST_007,4,1,manifold_yakit_gecisi
2026-01-18,IST_007,4,0,normal
2026-01-19,IST_007,4,0,normal
2026-01-20,IST_007,4,0,normal
2026-01-21,IST_007,4,0,normal
2026-01-22,IST_007,4,1,sicaklik_degisimi
2026-01-23,IST_007,4,0,normal
2026-01-24,IST_007,4,1,manifold_yakit_gecisi
2026-01-25,IST_007,4,0,normal
2026-01-26,IST_007,4,1,manifold_yakit_gecisi
2026-01-27,IST_007,4,0,normal
2026-01-28,IST_007,4,0,normal
2026-01-29,IST_007,4,0,normal
2026-01-30,IST_007,4,0,normal
2026-01-31,IST_007,4,0,normal
2026-02-01,IST_007,4,0,normal
2026-02-02,IST_007,4,0,normal
2026-02-03,IST_007,4,0,normal
2026-02-04,IST_007,4,0,normal
2026-02-05,IST_007,4,1,manifold_yakit_gecisi
2026-02-06,IST_007,4,0,normal
2026-02-07,IST_007,4,0,normal
2026-02-08,IST_007,4,0,normal
2026-02-09,IST_007,4,0,normal
2026-02-10,IST_007,4,0,normal
2026-02-11,IST_007,4,1,sicaklik_degisimi
2026-02-12,IST_007,4,0,normal
2026-02-13,IST_007,4,0,normal
2026-02-14,IST_007,4,0,normal
2026-02-15,IST_007,4,1,sicaklik_degisimi
2026-02-16,IST_007,4,1,elektrik_arizasi
2026-02-17,IST_007,4,0,normal
2026-02-18,IST_007,4,0,normal
2026-02-19,IST_007,4,0,normal
2026-02-20,IST_007,4,0,normal
2026-02-21,IST_007,4,0,normal
2026-02-22,IST_007,4,0,normal
2026-02-23,IST_007,4,0,normal
2026-02-24,IST_007,4,0,normal
2026-02-25,IST_007,4,0,normal
2026-02-26,IST_007,4,1,manifold_yakit_gecisi
2026-02-27,IST_007,4,0,normal
2026-02-28,IST_007,4,0,normal
2026-03-01,IST_007,4,0,normal
2026-03-02,IST_007,4,0,normal
2026-03-03,IST_007,4,0,normal
2026-03-04,IST_007,4,0,normal
2026-03-05,IST_007,4,1,sicaklik_degisimi
2026-03-06,IST_007,4,0,normal
2026-03-07,IST_007,4,0,normal
2026-03-08,IST_007,4,0,normal
2026-03-09,IST_007,4,1,sicaklik_degisimi
2026-03-10,IST_007,4,0,normal
2026-03-11,IST_007,4,0,normal
2026-03-12,IST_007,4,0,normal
2026-03-13,IST_007,4,0,normal
2026-03-14,IST_007,4,0,normal
2026-03-15,IST_007,4,0,normal
2026-03-16,IST_007,4,0,normal
2026-03-17,IST_007,4,0,normal
2026-03-18,IST_007,4,0,normal
2026-03-19,IST_007,4,1,manifold_yakit_gecisi
2026-03-20,IST_007,4,0,normal
2026-03-21,IST_007,4,0,normal
2026-03-22,IST_007,4,0,normal
2026-03-23,IST_007,4,0,normal
2026-03-24,IST_007,4,0,normal
2026-03-25,IST_007,4,0,normal
2026-03-26,IST_007,4,0,normal
2026-03-27,IST_007,4,0,normal
2026-03-28,IST_007,4,0,normal
2026-03-29,IST_007,4,0,normal
2026-03-30,IST_007,4,0,normal
2026-03-31,IST_007,4,0,normal
2026-01-01,IST_008,1,0,normal
2026-01-02,IST_008,1,0,normal
2026-01-03,IST_008,1,0,normal
2026-01-04,IST_008,1,1,sicaklik_degisimi
2026-01-05,IST_008,1,0,normal
2026-01-06,IST_008,1,1,sicaklik_degisimi
2026-01-07,IST_008,1,0,normal
2026-01-08,IST_008,1,1,sicaklik_degisimi
2026-01-09,IST_008,1,0,normal
2026-01-10,IST_008,1,0,normal
2026-01-11,IST_008,1,0,normal
2026-01-12,IST_008,1,0,normal
2026-01-13,IST_008,1,0,normal
2026-01-14,IST_008,1,0,normal
2026-01-15,IST_008,1,1,sicaklik_degisimi
2026-01-16,IST_008,1,0,normal
2026-01-17,IST_008,1,1,sicaklik_degisimi
2026-01-18,IST_008,1,0,normal
2026-01-19,IST_008,1,0,normal
2026-01-20,IST_008,1,0,normal
2026-01-21,IST_008,1,0,normal
2026-01-22,IST_008,1,0,normal
2026-01-23,IST_008,1,0,normal
2026-01-24,IST_008,1,0,normal
2026-01-25,IST_008,1,0,normal
2026-01-26,IST_008,1,1,sicaklik_degisimi
2026-01-27,IST_008,1,0,normal
2026-01-28,IST_008,1,0,normal
2026-01-29,IST_008,1,0,normal
2026-01-30,IST_008,1,0,normal
2026-01-31,IST_008,1,0,normal
2026-02-01,IST_008,1,1,sicaklik_degisimi
2026-02-02,IST_008,1,0,normal
2026-02-03,IST_008,1,0,normal
2026-02-04,IST_008,1,0,normal
2026-02-05,IST_008,1,0,normal
2026-02-06,IST_008,1,1,sicaklik_degisimi
2026-02-07,IST_008,1,0,normal
2026-02-08,IST_008,1,1,sicaklik_degisimi
2026-02-09,IST_008,1,0,normal
2026-02-10,IST_008,1,1,sicaklik_degisimi
2026-02-11,IST_008,1,0,normal
2026-02-12,IST_008,1,0,normal
2026-02-13,IST_008,1,0,normal
2026-02-14,IST_008,1,0,normal
2026-02-15,IST_008,1,0,normal
2026-02-16,IST_008,1,1,sicaklik_degisimi
2026-02-17,IST_008,1,0,normal
2026-02-18,IST_008,1,1,sicaklik_degisimi
2026-02-19,IST_008,1,0,normal
2026-02-20,IST_008,1,0,normal
2026-02-21,IST_008,1,0,normal
2026-02-22,IST_008,1,0,normal
2026-02-23,IST_008,1,1,sicaklik_degisimi
2026-02-24,IST_008,1,0,normal
2026-02-25,IST_008,1,0,normal
2026-02-26,IST_008,1,0,normal
2026-02-27,IST_008,1,0,normal
2026-02-28,IST_008,1,0,normal
2026-03-01,IST_008,1,0,normal
2026-03-02,IST_008,1,0,normal
2026-03-03,IST_008,1,0,normal
2026-03-04,IST_008,1,0,normal
2026-03-05,IST_008,1,1,sicaklik_degisimi
2026-03-06,IST_008,1,0,normal
2026-03-07,IST_008,1,0,normal
2026-03-08,IST_008,1,1,sicaklik_degisimi
2026-03-09,IST_008,1,0,normal
2026-03-10,IST_008,1,0,normal
2026-03-11,IST_008,1,0,normal
2026-03-12,IST_008,1,1,sicaklik_degisimi
2026-03-13,IST_008,1,0,normal
2026-03-14,IST_008,1,1,sicaklik_degisimi
2026-03-15,IST_008,1,0,normal
2026-03-16,IST_008,1,0,normal
2026-03-17,IST_008,1,0,normal
2026-03-18,IST_008,1,1,sicaklik_degisimi
2026-03-19,IST_008,1,0,normal
2026-03-20,IST_008,1,0,normal
2026-03-21,IST_008,1,0,normal
2026-03-22,IST_008,1,1,sicaklik_degisimi
2026-03-23,IST_008,1,0,normal
2026-03-24,IST_008,1,0,normal
2026-03-25,IST_008,1,1,sicaklik_degisimi
2026-03-26,IST_008,1,0,normal
2026-03-27,IST_008,1,0,normal
2026-03-28,IST_008,1,1,sicaklik_degisimi
2026-03-29,IST_008,1,1,sicaklik_degisimi
2026-03-30,IST_008,1,0,normal
2026-03-31,IST_008,1,0,normal
2026-01-01,IST_008,2,0,normal
2026-01-02,IST_008,2,0,normal
2026-01-03,IST_008,2,0,normal
2026-01-04,IST_008,2,0,normal
2026-01-05,IST_008,2,0,normal
2026-01-06,IST_008,2,0,normal
2026-01-07,IST_008,2,0,normal
2026-01-08,IST_008,2,0,normal
2026-01-09,IST_008,2,0,normal
2026-01-10,IST_008,2,0,normal
2026-01-11,IST_008,2,0,normal
2026-01-12,IST_008,2,0,normal
2026-01-13,IST_008,2,0,normal
2026-01-14,IST_008,2,0,normal
2026-01-15,IST_008,2,0,normal
2026-01-16,IST_008,2,0,normal
2026-01-17,IST_008,2,0,normal
2026-01-18,IST_008,2,0,normal
2026-01-19,IST_008,2,0,normal
2026-01-20,IST_008,2,0,normal
2026-01-21,IST_008,2,0,normal
2026-01-22,IST_008,2,0,normal
2026-01-23,IST_008,2,0,normal
2026-01-24,IST_008,2,0,normal
2026-01-25,IST_008,2,0,normal
2026-01-26,IST_008,2,0,normal
2026-01-27,IST_008,2,0,normal
2026-01-28,IST_008,2,0,normal
2026-01-29,IST_008,2,0,normal
2026-01-30,IST_008,2,0,normal
2026-01-31,IST_008,2,0,normal
2026-02-01,IST_008,2,0,normal
2026-02-02,IST_008,2,0,normal
2026-02-03,IST_008,2,0,normal
2026-02-04,IST_008,2,0,normal
2026-02-05,IST_008,2,0,normal
2026-02-06,IST_008,2,0,normal
2026-02-07,IST_008,2,0,normal
2026-02-08,IST_008,2,0,normal
2026-02-09,IST_008,2,0,normal
2026-02-10,IST_008,2,0,normal
2026-02-11,IST_008,2,0,normal
2026-02-12,IST_008,2,0,normal
2026-02-13,IST_008,2,0,normal
2026-02-14,IST_008,2,0,normal
2026-02-15,IST_008,2,0,normal
2026-02-16,IST_008,2,0,normal
2026-02-17,IST_008,2,0,normal
2026-02-18,IST_008,2,0,normal
2026-02-19,IST_008,2,0,normal
2026-02-20,IST_008,2,0,normal
2026-02-21,IST_008,2,0,normal
2026-02-22,IST_008,2,0,normal
2026-02-23,IST_008,2,0,normal
2026-02-24,IST_008,2,0,normal
2026-02-25,IST_008,2,0,normal
2026-02-26,IST_008,2,0,normal
2026-02-27,IST_008,2,0,normal
2026-02-28,IST_008,2,0,normal
2026-03-01,IST_008,2,0,normal
2026-03-02,IST_008,2,0,normal
2026-03-03,IST_008,2,0,normal
2026-03-04,IST_008,2,0,normal
2026-03-05,IST_008,2,0,normal
2026-03-06,IST_008,2,0,normal
2026-03-07,IST_008,2,0,normal
2026-03-08,IST_008,2,0,normal
2026-03-09,IST_008,2,0,normal
2026-03-10,IST_008,2,0,normal
2026-03-11,IST_008,2,0,normal
2026-03-12,IST_008,2,0,normal
2026-03-13,IST_008,2,0,normal
2026-03-14,IST_008,2,0,normal
2026-03-15,IST_008,2,0,normal
2026-03-16,IST_008,2,0,normal
2026-03-17,IST_008,2,0,normal
2026-03-18,IST_008,2,0,normal
2026-03-19,IST_008,2,0,normal
2026-03-20,IST_008,2,0,normal
2026-03-21,IST_008,2,1,yakit_cekimi
2026-03-22,IST_008,2,0,normal
2026-03-23,IST_008,2,0,normal
2026-03-24,IST_008,2,0,normal
2026-03-25,IST_008,2,0,normal
2026-03-26,IST_008,2,0,normal
2026-03-27,IST_008,2,0,normal
2026-03-28,IST_008,2,0,normal
2026-03-29,IST_008,2,0,normal
2026-03-30,IST_008,2,0,normal
2026-03-31,IST_008,2,0,normal
2026-01-01,IST_008,3,0,normal
2026-01-02,IST_008,3,1,sicaklik_degisimi
2026-01-03,IST_008,3,0,normal
2026-01-04,IST_008,3,0,normal
2026-01-05,IST_008,3,0,normal
2026-01-06,IST_008,3,0,normal
2026-01-07,IST_008,3,1,sicaklik_degisimi
2026-01-08,IST_008,3,0,normal
2026-01-09,IST_008,3,0,normal
2026-01-10,IST_008,3,0,normal
2026-01-11,IST_008,3,0,normal
2026-01-12,IST_008,3,0,normal
2026-01-13,IST_008,3,0,normal
2026-01-14,IST_008,3,0,normal
2026-01-15,IST_008,3,0,normal
2026-01-16,IST_008,3,0,normal
2026-01-17,IST_008,3,0,normal
2026-01-18,IST_008,3,0,normal
2026-01-19,IST_008,3,0,normal
2026-01-20,IST_008,3,0,normal
2026-01-21,IST_008,3,0,normal
2026-01-22,IST_008,3,0,normal
2026-01-23,IST_008,3,0,normal
2026-01-24,IST_008,3,0,normal
2026-01-25,IST_008,3,1,sicaklik_degisimi
2026-01-26,IST_008,3,0,normal
2026-01-27,IST_008,3,1,sicaklik_degisimi
2026-01-28,IST_008,3,0,normal
2026-01-29,IST_008,3,0,normal
2026-01-30,IST_008,3,1,sicaklik_degisimi
2026-01-31,IST_008,3,0,normal
2026-02-01,IST_008,3,0,normal
2026-02-02,IST_008,3,0,normal
2026-02-03,IST_008,3,0,normal
2026-02-04,IST_008,3,0,normal
2026-02-05,IST_008,3,1,sicaklik_degisimi
2026-02-06,IST_008,3,1,sicaklik_degisimi
2026-02-07,IST_008,3,0,normal
2026-02-08,IST_008,3,0,normal
2026-02-09,IST_008,3,0,normal
2026-02-10,IST_008,3,0,normal
2026-02-11,IST_008,3,1,sicaklik_degisimi
2026-02-12,IST_008,3,0,normal
2026-02-13,IST_008,3,0,normal
2026-02-14,IST_008,3,1,sicaklik_degisimi
2026-02-15,IST_008,3,0,normal
2026-02-16,IST_008,3,0,normal
2026-02-17,IST_008,3,0,normal
2026-02-18,IST_008,3,0,normal
2026-02-19,IST_008,3,0,normal
2026-02-20,IST_008,3,0,normal
2026-02-21,IST_008,3,1,sicaklik_degisimi
2026-02-22,IST_008,3,0,normal
2026-02-23,IST_008,3,0,normal
2026-02-24,IST_008,3,0,normal
2026-02-25,IST_008,3,0,normal
2026-02-26,IST_008,3,1,sicaklik_degisimi
2026-02-27,IST_008,3,0,normal
2026-02-28,IST_008,3,0,normal
2026-03-01,IST_008,3,0,normal
2026-03-02,IST_008,3,0,normal
2026-03-03,IST_008,3,0,normal
2026-03-04,IST_008,3,0,normal
2026-03-05,IST_008,3,0,normal
2026-03-06,IST_008,3,0,normal
2026-03-07,IST_008,3,0,normal
2026-03-08,IST_008,3,1,sicaklik_degisimi
2026-03-09,IST_008,3,0,normal
2026-03-10,IST_008,3,0,normal
2026-03-11,IST_008,3,1,sicaklik_degisimi
2026-03-12,IST_008,3,0,normal
2026-03-13,IST_008,3,0,normal
2026-03-14,IST_008,3,0,normal
2026-03-15,IST_008,3,0,normal
2026-03-16,IST_008,3,0,normal
2026-03-17,IST_008,3,0,normal
2026-03-18,IST_008,3,1,sicaklik_degisimi
2026-03-19,IST_008,3,0,normal
2026-03-20,IST_008,3,0,normal
2026-03-21,IST_008,3,0,normal
2026-03-22,IST_008,3,1,sicaklik_degisimi
2026-03-23,IST_008,3,0,normal
2026-03-24,IST_008,3,0,normal
2026-03-25,IST_008,3,1,sicaklik_degisimi
2026-03-26,IST_008,3,0,normal
2026-03-27,IST_008,3,0,normal
2026-03-28,IST_008,3,0,normal
2026-03-29,IST_008,3,0,normal
2026-03-30,IST_008,3,0,normal
2026-03-31,IST_008,3,0,normal
